case_id,site,surgery_date,age,sex,bmi,asa,diabetes,hypertension,sleep_apnea,procedure,side,los_days,revised,prom_preop_date,prom_preop,prom_1yr_date,prom_1yr
C0004,Site A,2015-01-22,66,Male,24.2,2,0,0,0,TKA,L,0,0,2015-01-08,49.9,2016-01-16,91.6
C0007,Site A,2015-02-08,50,Male,35.3,3,0,0,1,TKA,L,0,0,2015-01-25,61.7,,
C0017,Site A,2015-05-14,53,Female,34.7,2,0,1,0,THA,L,0,0,2015-05-07,36.3,2016-06-09,99.7
C0034,Site A,2015-08-20,71,Male,22.2,3,0,1,0,THA,L,2,0,2015-08-09,45.5,2016-08-15,82.1
C0035,Site A,2015-08-23,52,Female,33.5,1,0,0,1,THA,R,0,1,2015-08-18,33.8,2016-08-22,85.5
C0045,Site A,2015-10-16,60,Male,35.9,3,0,0,1,TKA,R,1,0,2015-10-01,36.2,2016-09-30,63.6
C0048,Site A,2015-11-02,59,Female,29.8,2,0,0,0,THA,R,1,0,2015-10-09,46.4,2016-11-21,68.2
C0057,Site A,2016-01-02,66,Female,25.5,2,0,0,0,THA,L,0,1,2015-12-19,44.2,2017-01-01,74
C0087,Site A,2016-07-26,68,Female,30.2,3,0,1,0,THA,R,2,0,2016-07-14,33.8,,
C0093,Site A,2016-09-12,61,Female,33.3,3,0,1,0,TKA,R,0,0,2016-08-29,59.2,,
C0100,Site A,2016-10-13,71,Female,28.8,2,0,0,0,THA,L,4,0,2016-09-29,54.2,2017-10-13,91.6
C0106,Site A,2016-11-07,50,Male,23.3,2,0,0,0,THA,L,1,0,2016-11-03,58.6,2017-11-03,100
C0107,Site A,2016-11-09,61,Female,22.3,2,0,0,0,THA,R,3,0,2016-10-30,61.1,2017-10-23,100
C0127,Site A,2017-04-21,68,Male,32,3,0,0,0,TKA,L,0,0,2017-04-15,42,2018-04-21,74.5
C0129,Site A,2017-04-30,52,Male,22.8,2,0,0,0,TKA,R,2,0,2017-04-22,58.8,2018-04-30,87.5
C0134,Site A,2017-05-17,60,Female,22.5,1,0,0,0,TKA,R,0,0,2017-05-01,36.5,2018-05-17,63.5
C0146,Site A,2017-06-22,72,Female,31.4,3,0,1,0,TKA,R,1,1,2017-06-04,36.6,2018-07-04,66.2
C0156,Site A,2017-08-02,71,Female,34.4,3,0,1,0,TKA,L,1,0,2017-07-30,68.6,2018-08-02,90.8
C0173,Site A,2017-10-10,53,Female,32.2,3,0,0,0,THA,L,0,1,2017-09-16,52,2018-10-10,100
C0207,Site A,2018-02-21,48,Male,24.3,1,0,1,0,THA,L,0,0,2018-02-09,42.7,2019-02-08,100
C0208,Site A,2018-02-25,72,Male,19.6,2,0,0,0,TKA,L,0,0,2018-02-11,83.7,2019-02-25,100
C0213,Site A,2018-03-18,64,Male,29.7,2,0,1,1,TKA,L,6,0,2018-02-25,44.4,2019-02-17,100
C0214,Site A,2018-03-19,82,Female,37.5,3,1,1,0,THA,R,2,0,2018-03-12,39.3,2019-03-19,86.8
C0223,Site A,2018-04-20,59,Female,27.7,2,0,0,0,TKA,L,0,0,2018-03-28,46.5,2019-04-27,89.3
C0227,Site A,2018-04-25,84,Female,20.7,3,0,1,0,THA,R,4,0,2018-04-09,72.3,2019-04-03,100
C0231,Site A,2018-06-10,69,Female,30.5,2,0,0,0,TKA,L,0,0,,,2019-06-20,76.1
C0261,Site A,2018-11-19,75,Male,35.5,3,0,1,1,TKA,R,0,0,2018-11-05,47.1,,
C0271,Site A,2019-02-11,69,Female,32.7,,0,1,0,TKA,L,0,0,2019-01-28,69.5,,
C0272,Site A,2019-03-01,72,Male,34.7,3,0,0,0,TKA,L,1,0,2019-02-07,44.2,2020-02-29,74.8
C0278,Site A,2019-03-23,73,Female,,3,0,1,0,TKA,L,,1,2019-03-09,37.8,,
C0281,Site A,2019-04-17,53,Female,20.9,2,0,1,0,TKA,R,0,0,2019-04-14,52.2,2020-04-12,60.8
C0288,Site A,2019-05-30,70,Male,34.2,2,0,1,1,THA,R,3,0,2019-05-25,31.7,2020-05-29,84.4
C0304,Site A,2019-08-13,74,Female,30.6,2,0,1,0,TKA,R,0,0,2019-07-30,40.8,2020-08-08,100
C0306,Site A,2019-08-25,60,Male,38.2,3,0,1,0,TKA,R,2,0,2019-08-11,33.5,2020-08-24,61.5
C0308,Site A,2019-09-02,75,Male,29.6,3,0,0,0,THA,R,2,0,2019-08-26,53.4,2020-09-01,78.8
C0309,Site A,2019-09-05,67,Female,30.1,2,0,1,1,TKA,R,0,1,2019-08-12,57.2,2020-09-04,83.4
C0325,Site A,2019-12-02,55,Male,26.9,2,0,0,0,TKA,R,0,0,2019-11-18,35,2020-11-03,68.8
C0329,Site A,2019-12-19,72,Male,27.3,1,1,1,1,TKA,L,0,0,2019-12-12,33.2,,
C0332,Site A,2020-01-01,65,Female,30.6,1,0,1,0,TKA,L,0,1,2019-12-14,31.6,2020-12-31,100
C0333,Site A,2020-01-12,67,Male,30.2,2,0,1,0,TKA,R,2,0,2020-01-10,56.3,2021-01-13,95.8
C0337,Site A,2020-02-01,67,Female,,3,0,1,0,THA,R,0,0,2020-01-18,46,2021-01-12,84.3
C0339,Site A,2020-02-07,66,Female,33.9,2,0,0,0,TKA,R,0,1,2020-02-04,70.3,2021-02-06,95.7
C0349,Site A,2020-03-21,74,Male,20.8,2,1,0,0,THA,R,2,0,2020-03-07,61.9,2021-03-21,73.6
C0351,Site A,2020-04-06,56,Female,27.1,2,0,0,0,THA,R,2,0,2020-03-18,42.5,2021-04-10,87.8
C0355,Site A,2020-04-21,55,Male,23,2,0,0,1,TKA,R,3,0,2020-04-09,50.5,2021-05-10,83
C0356,Site A,2020-05-08,60,Male,33.8,2,0,0,0,TKA,R,1,0,2020-04-11,45.5,2021-05-06,94.1
C0361,Site A,2020-05-26,62,Female,,3,0,0,0,TKA,L,0,0,,,2021-05-26,66
C0369,Site A,2020-06-24,71,Female,31.1,2,0,1,0,THA,R,0,0,2020-06-10,53.6,2021-05-28,100
C0386,Site A,2020-09-23,66,Male,37,3,1,1,1,THA,R,4,0,2020-09-18,43.7,2021-08-30,89.8
C0393,Site A,2020-10-22,86,Male,,,1,1,1,TKA,L,6,0,2020-10-08,72.2,2021-10-07,93.7
C0405,Site A,2020-12-30,74,Female,33.1,3,0,0,0,THA,R,1,0,2020-12-16,39.8,2021-12-14,71.3
C0411,Site A,2021-01-24,69,Female,30.4,1,0,0,0,THA,L,1,0,2021-01-10,71.2,2022-01-24,96
C0418,Site A,2021-03-05,68,Male,,2,0,1,0,THA,R,0,0,2021-02-07,41.9,2022-03-05,92.8
C0445,Site A,2021-09-29,67,Female,32.2,2,0,0,0,THA,R,0,1,2021-09-07,56.1,,
C0451,Site A,2021-11-08,65,Male,18,2,0,0,0,TKA,R,1,0,2021-10-25,71.1,,
C0468,Site A,2022-01-10,53,Male,29.2,3,0,1,1,TKA,L,1,1,2022-01-02,51.5,2023-01-27,83.6
C0477,Site A,2022-03-03,66,Male,29.8,2,0,1,0,THA,R,5,0,2022-02-23,50.9,,
C0505,Site A,2022-08-29,67,Male,28,2,0,1,0,THA,R,0,0,2022-08-26,55.5,2023-08-24,75.1
C0523,Site A,2022-11-23,67,Female,38.5,3,0,1,0,TKA,L,0,0,,,2023-11-15,89.9
C0557,Site A,2023-06-08,59,Male,28.3,2,0,1,0,THA,R,1,1,2023-05-25,43.7,,
C0024,Site B,2015-06-24,65,Female,32.8,3,0,1,0,THA,L,0,1,2015-06-10,40.1,2016-06-23,97.3
C0042,Site B,2015-10-08,62,Male,27.5,1,0,0,0,TKA,R,0,0,,,2016-11-05,70.7
C0043,Site B,2015-10-10,54,Male,20.6,1,0,0,0,TKA,R,1,0,2015-09-26,50,2016-10-01,100
C0049,Site B,2015-11-08,77,Female,37.4,2,0,0,0,TKA,L,4,0,2015-11-01,76.7,2016-11-07,86.5
C0055,Site B,2015-12-17,48,Female,38.9,2,0,1,1,TKA,L,0,0,2015-12-12,48.6,2016-12-16,92.1
C0062,Site B,2016-01-28,61,Female,,3,1,1,0,TKA,R,1,1,2016-01-14,44,2017-01-27,92.6
C0063,Site B,2016-02-04,69,Female,18,1,0,0,0,THA,R,0,0,2016-02-01,34,2017-02-02,88.9
C0064,Site B,2016-02-07,51,Male,34.1,3,0,0,1,THA,R,1,0,2016-01-24,37.8,2017-02-06,92.8
C0068,Site B,2016-03-29,65,Female,33.7,3,0,1,0,TKA,L,2,0,2016-03-05,46.2,,
C0071,Site B,2016-04-11,71,Female,28.1,2,0,1,0,THA,L,0,0,2016-04-07,53,2017-05-08,99.4
C0078,Site B,2016-06-07,61,Female,42.8,3,0,1,0,THA,L,0,1,2016-05-25,45.9,,
C0081,Site B,2016-07-08,45,Female,26.6,1,0,1,0,THA,R,0,0,2016-06-24,34.8,2017-06-12,63.7
C0084,Site B,2016-07-13,61,Male,,2,0,1,0,THA,L,2,0,2016-07-05,51.1,2017-06-17,98.5
C0088,Site B,2016-07-27,52,Female,35.4,2,0,1,0,TKA,R,2,0,2016-07-16,46.7,2017-08-04,89.1
C0099,Site B,2016-10-08,60,Female,30.5,2,0,1,0,TKA,R,1,0,2016-09-24,50,2017-10-16,77.5
C0102,Site B,2016-10-16,53,Female,33.4,2,0,0,0,TKA,L,0,0,2016-09-23,44.9,2017-10-16,100
C0104,Site B,2016-10-27,70,Male,23.6,3,1,0,0,TKA,L,0,0,2016-10-01,36.5,2017-10-27,85.8
C0108,Site B,2016-11-12,59,Female,30.2,2,0,0,0,THA,R,1,0,2016-11-07,38.1,2017-10-20,90.8
C0112,Site B,2016-11-28,62,Female,29.5,2,0,0,0,THA,L,0,1,2016-11-23,61.4,2017-11-15,90.6
C0121,Site B,2017-02-14,65,Female,29.2,2,0,1,1,TKA,L,2,0,2017-01-27,67.5,2018-02-14,100
C0138,Site B,2017-05-28,75,Male,29.9,3,0,0,0,TKA,R,0,0,2017-05-11,62.4,2018-05-31,89.7
C0158,Site B,2017-08-08,49,Female,32.9,3,0,1,0,THA,R,0,1,2017-07-29,29.2,,
C0167,Site B,2017-09-10,59,Female,24.6,2,0,1,0,THA,L,0,0,2017-09-05,51.6,2018-08-14,92.2
C0170,Site B,2017-09-22,65,Female,28.2,3,0,1,0,TKA,L,3,0,2017-09-08,56.9,2018-09-11,67.1
C0182,Site B,2017-11-11,73,Female,24.8,2,0,1,1,TKA,R,0,0,2017-10-23,46.9,2018-10-29,84.8
C0186,Site B,2017-11-23,75,Female,31.4,3,0,1,0,TKA,L,0,0,2017-11-21,61.6,2018-11-23,88.3
C0196,Site B,2018-01-21,62,Male,30.2,3,0,1,1,TKA,L,1,0,2018-01-15,58.4,,
C0273,Site B,2019-03-04,72,Female,,3,0,1,0,THA,L,0,0,2019-02-18,37,2020-02-03,100
C0289,Site B,2019-06-01,65,Male,26.1,2,0,1,0,THA,L,5,0,2019-05-18,42.4,2020-05-13,89.7
C0291,Site B,2019-06-12,69,Female,27.2,3,0,0,0,TKA,L,0,0,2019-06-07,37.8,2020-06-20,82.8
C0317,Site B,2019-10-28,72,Female,36.4,3,1,1,1,TKA,L,1,0,2019-10-27,55.4,2020-11-10,63.9
C0318,Site B,2019-10-31,63,Male,25.9,2,0,0,1,TKA,R,,0,2019-10-29,48.1,2020-10-30,79.8
C0328,Site B,2019-12-14,71,Female,24.9,3,0,1,0,THA,R,1,0,2019-12-11,41.7,2020-12-13,87.6
C0330,Site B,2019-12-19,66,Male,21.9,2,0,0,0,TKA,L,0,0,2019-12-05,31,,
C0341,Site B,2020-02-11,80,Male,31.6,3,0,0,0,TKA,L,0,0,2020-02-02,63.4,,
C0353,Site B,2020-04-13,72,Female,22.7,2,0,0,0,THA,R,3,1,2020-03-30,63.8,2021-03-19,100
C0385,Site B,2020-09-16,65,Female,27.9,1,0,1,0,THA,L,0,0,2020-09-04,46.9,2021-10-15,100
C0392,Site B,2020-10-22,78,Female,32.1,,0,0,1,THA,R,1,0,2020-09-30,35.6,2021-10-22,100
C0399,Site B,2020-11-20,49,Female,36.5,2,0,1,1,THA,L,0,0,2020-11-19,71.8,,
C0416,Site B,2021-02-25,54,Female,27.2,1,0,0,0,THA,R,0,0,2021-02-11,35.8,2022-02-25,100
C0420,Site B,2021-03-29,59,Male,25.6,2,0,1,0,TKA,R,1,0,2021-03-15,54.5,2022-03-29,87.2
C0421,Site B,2021-04-06,51,Female,37.1,2,0,0,1,THA,R,2,0,2021-04-02,60.7,2022-04-28,100
C0426,Site B,2021-05-14,63,Male,30.1,3,0,1,1,TKA,L,2,0,2021-05-03,53.6,2022-05-14,86.7
C0432,Site B,2021-06-20,82,Female,29.7,3,0,1,0,TKA,R,1,0,2021-06-07,47.2,2022-05-22,70.5
C0447,Site B,2021-10-17,65,Female,36.6,2,0,0,0,THA,R,3,0,2021-10-03,35.2,2022-10-17,74.1
C0449,Site B,2021-10-30,63,Male,30.4,2,0,0,0,TKA,L,2,1,2021-10-11,42.6,,
C0450,Site B,2021-11-02,74,Male,22.6,2,0,0,0,TKA,R,0,0,2021-10-19,55,2022-11-20,66.7
C0475,Site B,2022-02-11,53,Female,32.7,2,0,0,0,TKA,L,1,0,2022-02-10,62.2,,
C0488,Site B,2022-05-31,69,Female,29.3,3,0,1,0,TKA,R,0,0,2022-05-17,59.4,,
C0498,Site B,2022-07-27,55,Male,30.3,2,0,1,1,TKA,R,0,0,2022-07-11,44.2,2023-07-21,92.3
C0504,Site B,2022-08-23,57,Female,37.2,2,0,1,0,THA,L,1,0,2022-08-09,62.2,2023-09-11,100
C0516,Site B,2022-10-30,67,Female,20.4,2,0,1,0,THA,R,0,0,2022-10-15,60.3,2023-11-19,86
C0524,Site B,2022-12-04,73,Female,25.3,2,0,1,0,THA,R,2,0,2022-11-20,72.1,2023-11-11,100
C0526,Site B,2022-12-17,85,Male,41.4,3,0,1,0,THA,R,1,0,2022-12-04,39.3,2024-01-12,100
C0547,Site B,2023-04-12,71,Female,28.7,2,0,0,0,THA,R,0,0,2023-03-29,53,2024-04-13,93.5
C0548,Site B,2023-04-18,64,Female,31,3,0,1,0,TKA,L,1,0,,,2024-04-07,95
C0571,Site B,2023-09-17,66,Male,20.7,2,0,0,0,TKA,L,,0,2023-09-07,46.6,,
C0579,Site B,2023-11-02,57,Female,32.3,3,0,0,0,TKA,L,1,0,2023-10-09,51.5,2024-11-01,77.2
C0596,Site B,2024-07-08,67,Male,27.9,2,0,0,0,TKA,R,0,0,2024-07-06,44.7,2025-07-23,66.7
C0600,Site B,2024-11-11,67,Male,29.5,2,0,0,0,TKA,R,2,0,2024-10-24,45.7,2025-12-03,94.9
