case_id,instrument,visit,item,response
C0004,KOOS JR,preop,1,3
C0004,KOOS JR,preop,2,3
C0004,KOOS JR,preop,3,2
C0004,KOOS JR,preop,4,3
C0004,KOOS JR,preop,5,2
C0004,KOOS JR,preop,6,2
C0004,KOOS JR,preop,7,2
C0004,KOOS JR,6wk,1,1
C0004,KOOS JR,6wk,2,1
C0004,KOOS JR,6wk,3,3
C0004,KOOS JR,6wk,4,1
C0004,KOOS JR,6wk,5,0
C0004,KOOS JR,6wk,6,1
C0004,KOOS JR,6wk,7,1
C0004,KOOS JR,3mo,1,1
C0004,KOOS JR,3mo,2,1
C0004,KOOS JR,3mo,3,1
C0004,KOOS JR,3mo,4,0
C0004,KOOS JR,3mo,5,1
C0004,KOOS JR,3mo,6,2
C0004,KOOS JR,3mo,7,1
C0004,KOOS JR,1yr,1,1
C0004,KOOS JR,1yr,2,0
C0004,KOOS JR,1yr,3,1
C0004,KOOS JR,1yr,4,1
C0004,KOOS JR,1yr,5,0
C0004,KOOS JR,1yr,6,
C0004,KOOS JR,1yr,7,1
C0030,KOOS JR,preop,1,1
C0030,KOOS JR,preop,2,2
C0030,KOOS JR,preop,3,1
C0030,KOOS JR,preop,4,1
C0030,KOOS JR,preop,5,2
C0030,KOOS JR,preop,6,1
C0030,KOOS JR,preop,7,1
C0030,KOOS JR,6wk,1,
C0030,KOOS JR,6wk,2,
C0030,KOOS JR,6wk,3,
C0030,KOOS JR,6wk,4,
C0030,KOOS JR,6wk,5,
C0030,KOOS JR,6wk,6,
C0030,KOOS JR,6wk,7,
C0030,KOOS JR,3mo,1,
C0030,KOOS JR,3mo,2,
C0030,KOOS JR,3mo,3,
C0030,KOOS JR,3mo,4,
C0030,KOOS JR,3mo,5,
C0030,KOOS JR,3mo,6,
C0030,KOOS JR,3mo,7,
C0030,KOOS JR,1yr,1,2
C0030,KOOS JR,1yr,2,0
C0030,KOOS JR,1yr,3,1
C0030,KOOS JR,1yr,4,1
C0030,KOOS JR,1yr,5,0
C0030,KOOS JR,1yr,6,0
C0030,KOOS JR,1yr,7,0
C0033,HOOS JR,preop,1,2
C0033,HOOS JR,preop,2,3
C0033,HOOS JR,preop,3,2
C0033,HOOS JR,preop,4,3
C0033,HOOS JR,preop,5,2
C0033,HOOS JR,preop,6,1
C0033,HOOS JR,6wk,1,1
C0033,HOOS JR,6wk,2,0
C0033,HOOS JR,6wk,3,2
C0033,HOOS JR,6wk,4,0
C0033,HOOS JR,6wk,5,2
C0033,HOOS JR,6wk,6,1
C0033,HOOS JR,3mo,1,
C0033,HOOS JR,3mo,2,
C0033,HOOS JR,3mo,3,
C0033,HOOS JR,3mo,4,
C0033,HOOS JR,3mo,5,
C0033,HOOS JR,3mo,6,
C0033,HOOS JR,1yr,1,
C0033,HOOS JR,1yr,2,
C0033,HOOS JR,1yr,3,
C0033,HOOS JR,1yr,4,
C0033,HOOS JR,1yr,5,
C0033,HOOS JR,1yr,6,
C0043,KOOS JR,preop,1,2
C0043,KOOS JR,preop,2,1
C0043,KOOS JR,preop,3,2
C0043,KOOS JR,preop,4,2
C0043,KOOS JR,preop,5,2
C0043,KOOS JR,preop,6,2
C0043,KOOS JR,preop,7,1
C0043,KOOS JR,6wk,1,0
C0043,KOOS JR,6wk,2,2
C0043,KOOS JR,6wk,3,1
C0043,KOOS JR,6wk,4,1
C0043,KOOS JR,6wk,5,1
C0043,KOOS JR,6wk,6,1
C0043,KOOS JR,6wk,7,0
C0043,KOOS JR,3mo,1,3
C0043,KOOS JR,3mo,2,2
C0043,KOOS JR,3mo,3,1
C0043,KOOS JR,3mo,4,2
C0043,KOOS JR,3mo,5,2
C0043,KOOS JR,3mo,6,1
C0043,KOOS JR,3mo,7,2
C0043,KOOS JR,1yr,1,0
C0043,KOOS JR,1yr,2,1
C0043,KOOS JR,1yr,3,0
C0043,KOOS JR,1yr,4,0
C0043,KOOS JR,1yr,5,0
C0043,KOOS JR,1yr,6,0
C0043,KOOS JR,1yr,7,0
C0047,KOOS JR,preop,1,3
C0047,KOOS JR,preop,2,3
C0047,KOOS JR,preop,3,3
C0047,KOOS JR,preop,4,2
C0047,KOOS JR,preop,5,2
C0047,KOOS JR,preop,6,2
C0047,KOOS JR,preop,7,2
C0047,KOOS JR,6wk,1,3
C0047,KOOS JR,6wk,2,2
C0047,KOOS JR,6wk,3,2
C0047,KOOS JR,6wk,4,1
C0047,KOOS JR,6wk,5,2
C0047,KOOS JR,6wk,6,2
C0047,KOOS JR,6wk,7,2
C0047,KOOS JR,3mo,1,2
C0047,KOOS JR,3mo,2,2
C0047,KOOS JR,3mo,3,2
C0047,KOOS JR,3mo,4,2
C0047,KOOS JR,3mo,5,2
C0047,KOOS JR,3mo,6,3
C0047,KOOS JR,3mo,7,2
C0047,KOOS JR,1yr,1,2
C0047,KOOS JR,1yr,2,2
C0047,KOOS JR,1yr,3,1
C0047,KOOS JR,1yr,4,2
C0047,KOOS JR,1yr,5,1
C0047,KOOS JR,1yr,6,2
C0047,KOOS JR,1yr,7,2
C0048,HOOS JR,preop,1,3
C0048,HOOS JR,preop,2,2
C0048,HOOS JR,preop,3,2
C0048,HOOS JR,preop,4,2
C0048,HOOS JR,preop,5,2
C0048,HOOS JR,preop,6,3
C0048,HOOS JR,6wk,1,0
C0048,HOOS JR,6wk,2,2
C0048,HOOS JR,6wk,3,2
C0048,HOOS JR,6wk,4,2
C0048,HOOS JR,6wk,5,2
C0048,HOOS JR,6wk,6,1
C0048,HOOS JR,3mo,1,2
C0048,HOOS JR,3mo,2,3
C0048,HOOS JR,3mo,3,1
C0048,HOOS JR,3mo,4,2
C0048,HOOS JR,3mo,5,0
C0048,HOOS JR,3mo,6,2
C0048,HOOS JR,1yr,1,1
C0048,HOOS JR,1yr,2,2
C0048,HOOS JR,1yr,3,1
C0048,HOOS JR,1yr,4,3
C0048,HOOS JR,1yr,5,1
C0048,HOOS JR,1yr,6,1
C0059,HOOS JR,preop,1,3
C0059,HOOS JR,preop,2,3
C0059,HOOS JR,preop,3,3
C0059,HOOS JR,preop,4,3
C0059,HOOS JR,preop,5,3
C0059,HOOS JR,preop,6,2
C0059,HOOS JR,6wk,1,1
C0059,HOOS JR,6wk,2,2
C0059,HOOS JR,6wk,3,1
C0059,HOOS JR,6wk,4,0
C0059,HOOS JR,6wk,5,0
C0059,HOOS JR,6wk,6,
C0059,HOOS JR,3mo,1,1
C0059,HOOS JR,3mo,2,2
C0059,HOOS JR,3mo,3,1
C0059,HOOS JR,3mo,4,1
C0059,HOOS JR,3mo,5,2
C0059,HOOS JR,3mo,6,2
C0059,HOOS JR,1yr,1,0
C0059,HOOS JR,1yr,2,0
C0059,HOOS JR,1yr,3,1
C0059,HOOS JR,1yr,4,1
C0059,HOOS JR,1yr,5,0
C0059,HOOS JR,1yr,6,0
C0064,HOOS JR,preop,1,3
C0064,HOOS JR,preop,2,3
C0064,HOOS JR,preop,3,2
C0064,HOOS JR,preop,4,1
C0064,HOOS JR,preop,5,1
C0064,HOOS JR,preop,6,3
C0064,HOOS JR,6wk,1,0
C0064,HOOS JR,6wk,2,1
C0064,HOOS JR,6wk,3,2
C0064,HOOS JR,6wk,4,2
C0064,HOOS JR,6wk,5,2
C0064,HOOS JR,6wk,6,1
C0064,HOOS JR,3mo,1,1
C0064,HOOS JR,3mo,2,0
C0064,HOOS JR,3mo,3,2
C0064,HOOS JR,3mo,4,0
C0064,HOOS JR,3mo,5,1
C0064,HOOS JR,3mo,6,0
C0064,HOOS JR,1yr,1,0
C0064,HOOS JR,1yr,2,1
C0064,HOOS JR,1yr,3,0
C0064,HOOS JR,1yr,4,0
C0064,HOOS JR,1yr,5,0
C0064,HOOS JR,1yr,6,1
C0070,KOOS JR,preop,1,2
C0070,KOOS JR,preop,2,2
C0070,KOOS JR,preop,3,3
C0070,KOOS JR,preop,4,2
C0070,KOOS JR,preop,5,3
C0070,KOOS JR,preop,6,2
C0070,KOOS JR,preop,7,3
C0070,KOOS JR,6wk,1,
C0070,KOOS JR,6wk,2,2
C0070,KOOS JR,6wk,3,2
C0070,KOOS JR,6wk,4,1
C0070,KOOS JR,6wk,5,1
C0070,KOOS JR,6wk,6,3
C0070,KOOS JR,6wk,7,3
C0070,KOOS JR,3mo,1,1
C0070,KOOS JR,3mo,2,1
C0070,KOOS JR,3mo,3,1
C0070,KOOS JR,3mo,4,0
C0070,KOOS JR,3mo,5,0
C0070,KOOS JR,3mo,6,0
C0070,KOOS JR,3mo,7,1
C0070,KOOS JR,1yr,1,0
C0070,KOOS JR,1yr,2,0
C0070,KOOS JR,1yr,3,1
C0070,KOOS JR,1yr,4,1
C0070,KOOS JR,1yr,5,1
C0070,KOOS JR,1yr,6,0
C0070,KOOS JR,1yr,7,0
C0072,KOOS JR,preop,1,1
C0072,KOOS JR,preop,2,2
C0072,KOOS JR,preop,3,2
C0072,KOOS JR,preop,4,2
C0072,KOOS JR,preop,5,2
C0072,KOOS JR,preop,6,2
C0072,KOOS JR,preop,7,2
C0072,KOOS JR,6wk,1,1
C0072,KOOS JR,6wk,2,1
C0072,KOOS JR,6wk,3,1
C0072,KOOS JR,6wk,4,1
C0072,KOOS JR,6wk,5,1
C0072,KOOS JR,6wk,6,1
C0072,KOOS JR,6wk,7,2
C0072,KOOS JR,3mo,1,
C0072,KOOS JR,3mo,2,
C0072,KOOS JR,3mo,3,
C0072,KOOS JR,3mo,4,
C0072,KOOS JR,3mo,5,
C0072,KOOS JR,3mo,6,
C0072,KOOS JR,3mo,7,
C0072,KOOS JR,1yr,1,3
C0072,KOOS JR,1yr,2,2
C0072,KOOS JR,1yr,3,1
C0072,KOOS JR,1yr,4,1
C0072,KOOS JR,1yr,5,1
C0072,KOOS JR,1yr,6,1
C0072,KOOS JR,1yr,7,2
C0081,HOOS JR,preop,1,3
C0081,HOOS JR,preop,2,3
C0081,HOOS JR,preop,3,4
C0081,HOOS JR,preop,4,3
C0081,HOOS JR,preop,5,2
C0081,HOOS JR,preop,6,4
C0081,HOOS JR,6wk,1,
C0081,HOOS JR,6wk,2,
C0081,HOOS JR,6wk,3,
C0081,HOOS JR,6wk,4,
C0081,HOOS JR,6wk,5,
C0081,HOOS JR,6wk,6,
C0081,HOOS JR,3mo,1,1
C0081,HOOS JR,3mo,2,3
C0081,HOOS JR,3mo,3,3
C0081,HOOS JR,3mo,4,2
C0081,HOOS JR,3mo,5,2
C0081,HOOS JR,3mo,6,3
C0081,HOOS JR,1yr,1,1
C0081,HOOS JR,1yr,2,2
C0081,HOOS JR,1yr,3,2
C0081,HOOS JR,1yr,4,2
C0081,HOOS JR,1yr,5,1
C0081,HOOS JR,1yr,6,1
C0082,HOOS JR,preop,1,2
C0082,HOOS JR,preop,2,2
C0082,HOOS JR,preop,3,3
C0082,HOOS JR,preop,4,2
C0082,HOOS JR,preop,5,2
C0082,HOOS JR,preop,6,2
C0082,HOOS JR,6wk,1,1
C0082,HOOS JR,6wk,2,1
C0082,HOOS JR,6wk,3,1
C0082,HOOS JR,6wk,4,1
C0082,HOOS JR,6wk,5,1
C0082,HOOS JR,6wk,6,1
C0082,HOOS JR,3mo,1,
C0082,HOOS JR,3mo,2,
C0082,HOOS JR,3mo,3,
C0082,HOOS JR,3mo,4,
C0082,HOOS JR,3mo,5,
C0082,HOOS JR,3mo,6,
C0082,HOOS JR,1yr,1,
C0082,HOOS JR,1yr,2,
C0082,HOOS JR,1yr,3,
C0082,HOOS JR,1yr,4,
C0082,HOOS JR,1yr,5,
C0082,HOOS JR,1yr,6,
C0083,KOOS JR,preop,1,2
C0083,KOOS JR,preop,2,1
C0083,KOOS JR,preop,3,2
C0083,KOOS JR,preop,4,2
C0083,KOOS JR,preop,5,2
C0083,KOOS JR,preop,6,2
C0083,KOOS JR,preop,7,2
C0083,KOOS JR,6wk,1,1
C0083,KOOS JR,6wk,2,0
C0083,KOOS JR,6wk,3,1
C0083,KOOS JR,6wk,4,1
C0083,KOOS JR,6wk,5,1
C0083,KOOS JR,6wk,6,1
C0083,KOOS JR,6wk,7,2
C0083,KOOS JR,3mo,1,0
C0083,KOOS JR,3mo,2,1
C0083,KOOS JR,3mo,3,0
C0083,KOOS JR,3mo,4,0
C0083,KOOS JR,3mo,5,2
C0083,KOOS JR,3mo,6,1
C0083,KOOS JR,3mo,7,1
C0083,KOOS JR,1yr,1,
C0083,KOOS JR,1yr,2,
C0083,KOOS JR,1yr,3,
C0083,KOOS JR,1yr,4,
C0083,KOOS JR,1yr,5,
C0083,KOOS JR,1yr,6,
C0083,KOOS JR,1yr,7,
C0086,KOOS JR,preop,1,2
C0086,KOOS JR,preop,2,2
C0086,KOOS JR,preop,3,2
C0086,KOOS JR,preop,4,3
C0086,KOOS JR,preop,5,1
C0086,KOOS JR,preop,6,2
C0086,KOOS JR,preop,7,1
C0086,KOOS JR,6wk,1,
C0086,KOOS JR,6wk,2,
C0086,KOOS JR,6wk,3,
C0086,KOOS JR,6wk,4,
C0086,KOOS JR,6wk,5,
C0086,KOOS JR,6wk,6,
C0086,KOOS JR,6wk,7,
C0086,KOOS JR,3mo,1,
C0086,KOOS JR,3mo,2,
C0086,KOOS JR,3mo,3,
C0086,KOOS JR,3mo,4,
C0086,KOOS JR,3mo,5,
C0086,KOOS JR,3mo,6,
C0086,KOOS JR,3mo,7,
C0086,KOOS JR,1yr,1,
C0086,KOOS JR,1yr,2,
C0086,KOOS JR,1yr,3,
C0086,KOOS JR,1yr,4,
C0086,KOOS JR,1yr,5,
C0086,KOOS JR,1yr,6,
C0086,KOOS JR,1yr,7,
C0087,HOOS JR,preop,1,4
C0087,HOOS JR,preop,2,3
C0087,HOOS JR,preop,3,2
C0087,HOOS JR,preop,4,3
C0087,HOOS JR,preop,5,2
C0087,HOOS JR,preop,6,2
C0087,HOOS JR,6wk,1,1
C0087,HOOS JR,6wk,2,1
C0087,HOOS JR,6wk,3,3
C0087,HOOS JR,6wk,4,1
C0087,HOOS JR,6wk,5,2
C0087,HOOS JR,6wk,6,2
C0087,HOOS JR,3mo,1,1
C0087,HOOS JR,3mo,2,1
C0087,HOOS JR,3mo,3,2
C0087,HOOS JR,3mo,4,2
C0087,HOOS JR,3mo,5,2
C0087,HOOS JR,3mo,6,2
C0087,HOOS JR,1yr,1,
C0087,HOOS JR,1yr,2,
C0087,HOOS JR,1yr,3,
C0087,HOOS JR,1yr,4,
C0087,HOOS JR,1yr,5,
C0087,HOOS JR,1yr,6,
C0090,KOOS JR,preop,1,
C0090,KOOS JR,preop,2,
C0090,KOOS JR,preop,3,
C0090,KOOS JR,preop,4,
C0090,KOOS JR,preop,5,
C0090,KOOS JR,preop,6,
C0090,KOOS JR,preop,7,
C0090,KOOS JR,6wk,1,2
C0090,KOOS JR,6wk,2,1
C0090,KOOS JR,6wk,3,2
C0090,KOOS JR,6wk,4,2
C0090,KOOS JR,6wk,5,2
C0090,KOOS JR,6wk,6,
C0090,KOOS JR,6wk,7,2
C0090,KOOS JR,3mo,1,1
C0090,KOOS JR,3mo,2,
C0090,KOOS JR,3mo,3,2
C0090,KOOS JR,3mo,4,2
C0090,KOOS JR,3mo,5,1
C0090,KOOS JR,3mo,6,2
C0090,KOOS JR,3mo,7,2
C0090,KOOS JR,1yr,1,1
C0090,KOOS JR,1yr,2,2
C0090,KOOS JR,1yr,3,1
C0090,KOOS JR,1yr,4,2
C0090,KOOS JR,1yr,5,1
C0090,KOOS JR,1yr,6,2
C0090,KOOS JR,1yr,7,2
C0094,KOOS JR,preop,1,2
C0094,KOOS JR,preop,2,3
C0094,KOOS JR,preop,3,3
C0094,KOOS JR,preop,4,3
C0094,KOOS JR,preop,5,3
C0094,KOOS JR,preop,6,2
C0094,KOOS JR,preop,7,2
C0094,KOOS JR,6wk,1,2
C0094,KOOS JR,6wk,2,3
C0094,KOOS JR,6wk,3,3
C0094,KOOS JR,6wk,4,2
C0094,KOOS JR,6wk,5,2
C0094,KOOS JR,6wk,6,2
C0094,KOOS JR,6wk,7,2
C0094,KOOS JR,3mo,1,1
C0094,KOOS JR,3mo,2,1
C0094,KOOS JR,3mo,3,1
C0094,KOOS JR,3mo,4,1
C0094,KOOS JR,3mo,5,1
C0094,KOOS JR,3mo,6,2
C0094,KOOS JR,3mo,7,1
C0094,KOOS JR,1yr,1,0
C0094,KOOS JR,1yr,2,
C0094,KOOS JR,1yr,3,1
C0094,KOOS JR,1yr,4,1
C0094,KOOS JR,1yr,5,2
C0094,KOOS JR,1yr,6,1
C0094,KOOS JR,1yr,7,1
C0098,HOOS JR,preop,1,2
C0098,HOOS JR,preop,2,3
C0098,HOOS JR,preop,3,3
C0098,HOOS JR,preop,4,3
C0098,HOOS JR,preop,5,3
C0098,HOOS JR,preop,6,
C0098,HOOS JR,6wk,1,2
C0098,HOOS JR,6wk,2,0
C0098,HOOS JR,6wk,3,0
C0098,HOOS JR,6wk,4,1
C0098,HOOS JR,6wk,5,0
C0098,HOOS JR,6wk,6,1
C0098,HOOS JR,3mo,1,1
C0098,HOOS JR,3mo,2,1
C0098,HOOS JR,3mo,3,
C0098,HOOS JR,3mo,4,2
C0098,HOOS JR,3mo,5,1
C0098,HOOS JR,3mo,6,1
C0098,HOOS JR,1yr,1,1
C0098,HOOS JR,1yr,2,1
C0098,HOOS JR,1yr,3,1
C0098,HOOS JR,1yr,4,0
C0098,HOOS JR,1yr,5,0
C0098,HOOS JR,1yr,6,0
C0099,KOOS JR,preop,1,3
C0099,KOOS JR,preop,2,2
C0099,KOOS JR,preop,3,2
C0099,KOOS JR,preop,4,2
C0099,KOOS JR,preop,5,2
C0099,KOOS JR,preop,6,2
C0099,KOOS JR,preop,7,1
C0099,KOOS JR,6wk,1,1
C0099,KOOS JR,6wk,2,
C0099,KOOS JR,6wk,3,0
C0099,KOOS JR,6wk,4,2
C0099,KOOS JR,6wk,5,1
C0099,KOOS JR,6wk,6,2
C0099,KOOS JR,6wk,7,0
C0099,KOOS JR,3mo,1,
C0099,KOOS JR,3mo,2,
C0099,KOOS JR,3mo,3,
C0099,KOOS JR,3mo,4,
C0099,KOOS JR,3mo,5,
C0099,KOOS JR,3mo,6,
C0099,KOOS JR,3mo,7,
C0099,KOOS JR,1yr,1,0
C0099,KOOS JR,1yr,2,1
C0099,KOOS JR,1yr,3,1
C0099,KOOS JR,1yr,4,0
C0099,KOOS JR,1yr,5,1
C0099,KOOS JR,1yr,6,1
C0099,KOOS JR,1yr,7,0
C0101,KOOS JR,preop,1,2
C0101,KOOS JR,preop,2,2
C0101,KOOS JR,preop,3,2
C0101,KOOS JR,preop,4,2
C0101,KOOS JR,preop,5,2
C0101,KOOS JR,preop,6,2
C0101,KOOS JR,preop,7,1
C0101,KOOS JR,6wk,1,
C0101,KOOS JR,6wk,2,
C0101,KOOS JR,6wk,3,
C0101,KOOS JR,6wk,4,
C0101,KOOS JR,6wk,5,
C0101,KOOS JR,6wk,6,
C0101,KOOS JR,6wk,7,
C0101,KOOS JR,3mo,1,1
C0101,KOOS JR,3mo,2,1
C0101,KOOS JR,3mo,3,0
C0101,KOOS JR,3mo,4,2
C0101,KOOS JR,3mo,5,0
C0101,KOOS JR,3mo,6,1
C0101,KOOS JR,3mo,7,0
C0101,KOOS JR,1yr,1,0
C0101,KOOS JR,1yr,2,0
C0101,KOOS JR,1yr,3,1
C0101,KOOS JR,1yr,4,0
C0101,KOOS JR,1yr,5,1
C0101,KOOS JR,1yr,6,1
C0101,KOOS JR,1yr,7,1
C0104,KOOS JR,preop,1,3
C0104,KOOS JR,preop,2,2
C0104,KOOS JR,preop,3,3
C0104,KOOS JR,preop,4,3
C0104,KOOS JR,preop,5,2
C0104,KOOS JR,preop,6,1
C0104,KOOS JR,preop,7,3
C0104,KOOS JR,6wk,1,1
C0104,KOOS JR,6wk,2,1
C0104,KOOS JR,6wk,3,1
C0104,KOOS JR,6wk,4,1
C0104,KOOS JR,6wk,5,1
C0104,KOOS JR,6wk,6,1
C0104,KOOS JR,6wk,7,1
C0104,KOOS JR,3mo,1,
C0104,KOOS JR,3mo,2,
C0104,KOOS JR,3mo,3,
C0104,KOOS JR,3mo,4,
C0104,KOOS JR,3mo,5,
C0104,KOOS JR,3mo,6,
C0104,KOOS JR,3mo,7,
C0104,KOOS JR,1yr,1,1
C0104,KOOS JR,1yr,2,1
C0104,KOOS JR,1yr,3,1
C0104,KOOS JR,1yr,4,1
C0104,KOOS JR,1yr,5,0
C0104,KOOS JR,1yr,6,1
C0104,KOOS JR,1yr,7,2
C0106,HOOS JR,preop,1,1
C0106,HOOS JR,preop,2,2
C0106,HOOS JR,preop,3,1
C0106,HOOS JR,preop,4,2
C0106,HOOS JR,preop,5,2
C0106,HOOS JR,preop,6,1
C0106,HOOS JR,6wk,1,
C0106,HOOS JR,6wk,2,1
C0106,HOOS JR,6wk,3,2
C0106,HOOS JR,6wk,4,1
C0106,HOOS JR,6wk,5,0
C0106,HOOS JR,6wk,6,1
C0106,HOOS JR,3mo,1,0
C0106,HOOS JR,3mo,2,0
C0106,HOOS JR,3mo,3,0
C0106,HOOS JR,3mo,4,0
C0106,HOOS JR,3mo,5,1
C0106,HOOS JR,3mo,6,0
C0106,HOOS JR,1yr,1,0
C0106,HOOS JR,1yr,2,0
C0106,HOOS JR,1yr,3,0
C0106,HOOS JR,1yr,4,0
C0106,HOOS JR,1yr,5,0
C0106,HOOS JR,1yr,6,0
C0107,HOOS JR,preop,1,1
C0107,HOOS JR,preop,2,1
C0107,HOOS JR,preop,3,1
C0107,HOOS JR,preop,4,3
C0107,HOOS JR,preop,5,2
C0107,HOOS JR,preop,6,2
C0107,HOOS JR,6wk,1,0
C0107,HOOS JR,6wk,2,1
C0107,HOOS JR,6wk,3,0
C0107,HOOS JR,6wk,4,1
C0107,HOOS JR,6wk,5,0
C0107,HOOS JR,6wk,6,0
C0107,HOOS JR,3mo,1,0
C0107,HOOS JR,3mo,2,0
C0107,HOOS JR,3mo,3,1
C0107,HOOS JR,3mo,4,0
C0107,HOOS JR,3mo,5,0
C0107,HOOS JR,3mo,6,0
C0107,HOOS JR,1yr,1,0
C0107,HOOS JR,1yr,2,0
C0107,HOOS JR,1yr,3,1
C0107,HOOS JR,1yr,4,0
C0107,HOOS JR,1yr,5,0
C0107,HOOS JR,1yr,6,0
C0113,KOOS JR,preop,1,2
C0113,KOOS JR,preop,2,3
C0113,KOOS JR,preop,3,3
C0113,KOOS JR,preop,4,3
C0113,KOOS JR,preop,5,2
C0113,KOOS JR,preop,6,2
C0113,KOOS JR,preop,7,2
C0113,KOOS JR,6wk,1,1
C0113,KOOS JR,6wk,2,1
C0113,KOOS JR,6wk,3,2
C0113,KOOS JR,6wk,4,2
C0113,KOOS JR,6wk,5,1
C0113,KOOS JR,6wk,6,2
C0113,KOOS JR,6wk,7,2
C0113,KOOS JR,3mo,1,0
C0113,KOOS JR,3mo,2,1
C0113,KOOS JR,3mo,3,0
C0113,KOOS JR,3mo,4,0
C0113,KOOS JR,3mo,5,1
C0113,KOOS JR,3mo,6,1
C0113,KOOS JR,3mo,7,0
C0113,KOOS JR,1yr,1,0
C0113,KOOS JR,1yr,2,0
C0113,KOOS JR,1yr,3,1
C0113,KOOS JR,1yr,4,0
C0113,KOOS JR,1yr,5,0
C0113,KOOS JR,1yr,6,0
C0113,KOOS JR,1yr,7,1
C0121,KOOS JR,preop,1,1
C0121,KOOS JR,preop,2,1
C0121,KOOS JR,preop,3,2
C0121,KOOS JR,preop,4,1
C0121,KOOS JR,preop,5,1
C0121,KOOS JR,preop,6,1
C0121,KOOS JR,preop,7,0
C0121,KOOS JR,6wk,1,2
C0121,KOOS JR,6wk,2,0
C0121,KOOS JR,6wk,3,1
C0121,KOOS JR,6wk,4,1
C0121,KOOS JR,6wk,5,1
C0121,KOOS JR,6wk,6,1
C0121,KOOS JR,6wk,7,2
C0121,KOOS JR,3mo,1,1
C0121,KOOS JR,3mo,2,0
C0121,KOOS JR,3mo,3,0
C0121,KOOS JR,3mo,4,0
C0121,KOOS JR,3mo,5,0
C0121,KOOS JR,3mo,6,0
C0121,KOOS JR,3mo,7,0
C0121,KOOS JR,1yr,1,0
C0121,KOOS JR,1yr,2,0
C0121,KOOS JR,1yr,3,0
C0121,KOOS JR,1yr,4,0
C0121,KOOS JR,1yr,5,0
C0121,KOOS JR,1yr,6,0
C0121,KOOS JR,1yr,7,0
C0124,KOOS JR,preop,1,0
C0124,KOOS JR,preop,2,2
C0124,KOOS JR,preop,3,1
C0124,KOOS JR,preop,4,
C0124,KOOS JR,preop,5,1
C0124,KOOS JR,preop,6,1
C0124,KOOS JR,preop,7,1
C0124,KOOS JR,6wk,1,1
C0124,KOOS JR,6wk,2,1
C0124,KOOS JR,6wk,3,1
C0124,KOOS JR,6wk,4,1
C0124,KOOS JR,6wk,5,2
C0124,KOOS JR,6wk,6,2
C0124,KOOS JR,6wk,7,2
C0124,KOOS JR,3mo,1,1
C0124,KOOS JR,3mo,2,2
C0124,KOOS JR,3mo,3,0
C0124,KOOS JR,3mo,4,1
C0124,KOOS JR,3mo,5,0
C0124,KOOS JR,3mo,6,1
C0124,KOOS JR,3mo,7,1
C0124,KOOS JR,1yr,1,0
C0124,KOOS JR,1yr,2,0
C0124,KOOS JR,1yr,3,0
C0124,KOOS JR,1yr,4,0
C0124,KOOS JR,1yr,5,0
C0124,KOOS JR,1yr,6,1
C0124,KOOS JR,1yr,7,0
C0125,HOOS JR,preop,1,2
C0125,HOOS JR,preop,2,2
C0125,HOOS JR,preop,3,2
C0125,HOOS JR,preop,4,3
C0125,HOOS JR,preop,5,3
C0125,HOOS JR,preop,6,2
C0125,HOOS JR,6wk,1,2
C0125,HOOS JR,6wk,2,
C0125,HOOS JR,6wk,3,2
C0125,HOOS JR,6wk,4,2
C0125,HOOS JR,6wk,5,2
C0125,HOOS JR,6wk,6,2
C0125,HOOS JR,3mo,1,0
C0125,HOOS JR,3mo,2,1
C0125,HOOS JR,3mo,3,2
C0125,HOOS JR,3mo,4,1
C0125,HOOS JR,3mo,5,2
C0125,HOOS JR,3mo,6,2
C0125,HOOS JR,1yr,1,0
C0125,HOOS JR,1yr,2,0
C0125,HOOS JR,1yr,3,0
C0125,HOOS JR,1yr,4,0
C0125,HOOS JR,1yr,5,0
C0125,HOOS JR,1yr,6,1
C0127,KOOS JR,preop,1,3
C0127,KOOS JR,preop,2,2
C0127,KOOS JR,preop,3,2
C0127,KOOS JR,preop,4,2
C0127,KOOS JR,preop,5,3
C0127,KOOS JR,preop,6,3
C0127,KOOS JR,preop,7,3
C0127,KOOS JR,6wk,1,2
C0127,KOOS JR,6wk,2,2
C0127,KOOS JR,6wk,3,1
C0127,KOOS JR,6wk,4,2
C0127,KOOS JR,6wk,5,2
C0127,KOOS JR,6wk,6,1
C0127,KOOS JR,6wk,7,3
C0127,KOOS JR,3mo,1,1
C0127,KOOS JR,3mo,2,2
C0127,KOOS JR,3mo,3,2
C0127,KOOS JR,3mo,4,2
C0127,KOOS JR,3mo,5,1
C0127,KOOS JR,3mo,6,3
C0127,KOOS JR,3mo,7,1
C0127,KOOS JR,1yr,1,2
C0127,KOOS JR,1yr,2,0
C0127,KOOS JR,1yr,3,1
C0127,KOOS JR,1yr,4,1
C0127,KOOS JR,1yr,5,1
C0127,KOOS JR,1yr,6,0
C0127,KOOS JR,1yr,7,1
C0129,KOOS JR,preop,1,3
C0129,KOOS JR,preop,2,2
C0129,KOOS JR,preop,3,1
C0129,KOOS JR,preop,4,2
C0129,KOOS JR,preop,5,2
C0129,KOOS JR,preop,6,2
C0129,KOOS JR,preop,7,1
C0129,KOOS JR,6wk,1,2
C0129,KOOS JR,6wk,2,2
C0129,KOOS JR,6wk,3,1
C0129,KOOS JR,6wk,4,
C0129,KOOS JR,6wk,5,1
C0129,KOOS JR,6wk,6,1
C0129,KOOS JR,6wk,7,1
C0129,KOOS JR,3mo,1,1
C0129,KOOS JR,3mo,2,2
C0129,KOOS JR,3mo,3,1
C0129,KOOS JR,3mo,4,1
C0129,KOOS JR,3mo,5,2
C0129,KOOS JR,3mo,6,2
C0129,KOOS JR,3mo,7,1
C0129,KOOS JR,1yr,1,0
C0129,KOOS JR,1yr,2,2
C0129,KOOS JR,1yr,3,1
C0129,KOOS JR,1yr,4,0
C0129,KOOS JR,1yr,5,1
C0129,KOOS JR,1yr,6,1
C0129,KOOS JR,1yr,7,0
C0132,KOOS JR,preop,1,2
C0132,KOOS JR,preop,2,1
C0132,KOOS JR,preop,3,2
C0132,KOOS JR,preop,4,1
C0132,KOOS JR,preop,5,2
C0132,KOOS JR,preop,6,3
C0132,KOOS JR,preop,7,1
C0132,KOOS JR,6wk,1,1
C0132,KOOS JR,6wk,2,1
C0132,KOOS JR,6wk,3,0
C0132,KOOS JR,6wk,4,1
C0132,KOOS JR,6wk,5,2
C0132,KOOS JR,6wk,6,0
C0132,KOOS JR,6wk,7,2
C0132,KOOS JR,3mo,1,1
C0132,KOOS JR,3mo,2,1
C0132,KOOS JR,3mo,3,1
C0132,KOOS JR,3mo,4,1
C0132,KOOS JR,3mo,5,1
C0132,KOOS JR,3mo,6,1
C0132,KOOS JR,3mo,7,2
C0132,KOOS JR,1yr,1,0
C0132,KOOS JR,1yr,2,0
C0132,KOOS JR,1yr,3,1
C0132,KOOS JR,1yr,4,2
C0132,KOOS JR,1yr,5,1
C0132,KOOS JR,1yr,6,0
C0132,KOOS JR,1yr,7,0
C0134,KOOS JR,preop,1,2
C0134,KOOS JR,preop,2,
C0134,KOOS JR,preop,3,3
C0134,KOOS JR,preop,4,2
C0134,KOOS JR,preop,5,3
C0134,KOOS JR,preop,6,2
C0134,KOOS JR,preop,7,4
C0134,KOOS JR,6wk,1,
C0134,KOOS JR,6wk,2,
C0134,KOOS JR,6wk,3,
C0134,KOOS JR,6wk,4,
C0134,KOOS JR,6wk,5,
C0134,KOOS JR,6wk,6,
C0134,KOOS JR,6wk,7,
C0134,KOOS JR,3mo,1,2
C0134,KOOS JR,3mo,2,2
C0134,KOOS JR,3mo,3,1
C0134,KOOS JR,3mo,4,1
C0134,KOOS JR,3mo,5,1
C0134,KOOS JR,3mo,6,2
C0134,KOOS JR,3mo,7,2
C0134,KOOS JR,1yr,1,2
C0134,KOOS JR,1yr,2,1
C0134,KOOS JR,1yr,3,1
C0134,KOOS JR,1yr,4,2
C0134,KOOS JR,1yr,5,1
C0134,KOOS JR,1yr,6,
C0134,KOOS JR,1yr,7,2
C0137,KOOS JR,preop,1,
C0137,KOOS JR,preop,2,
C0137,KOOS JR,preop,3,
C0137,KOOS JR,preop,4,
C0137,KOOS JR,preop,5,
C0137,KOOS JR,preop,6,
C0137,KOOS JR,preop,7,
C0137,KOOS JR,6wk,1,1
C0137,KOOS JR,6wk,2,1
C0137,KOOS JR,6wk,3,2
C0137,KOOS JR,6wk,4,2
C0137,KOOS JR,6wk,5,2
C0137,KOOS JR,6wk,6,1
C0137,KOOS JR,6wk,7,2
C0137,KOOS JR,3mo,1,1
C0137,KOOS JR,3mo,2,0
C0137,KOOS JR,3mo,3,2
C0137,KOOS JR,3mo,4,1
C0137,KOOS JR,3mo,5,1
C0137,KOOS JR,3mo,6,1
C0137,KOOS JR,3mo,7,1
C0137,KOOS JR,1yr,1,
C0137,KOOS JR,1yr,2,
C0137,KOOS JR,1yr,3,
C0137,KOOS JR,1yr,4,
C0137,KOOS JR,1yr,5,
C0137,KOOS JR,1yr,6,
C0137,KOOS JR,1yr,7,
C0142,HOOS JR,preop,1,3
C0142,HOOS JR,preop,2,3
C0142,HOOS JR,preop,3,4
C0142,HOOS JR,preop,4,2
C0142,HOOS JR,preop,5,2
C0142,HOOS JR,preop,6,2
C0142,HOOS JR,6wk,1,2
C0142,HOOS JR,6wk,2,1
C0142,HOOS JR,6wk,3,3
C0142,HOOS JR,6wk,4,2
C0142,HOOS JR,6wk,5,1
C0142,HOOS JR,6wk,6,1
C0142,HOOS JR,3mo,1,1
C0142,HOOS JR,3mo,2,0
C0142,HOOS JR,3mo,3,0
C0142,HOOS JR,3mo,4,0
C0142,HOOS JR,3mo,5,1
C0142,HOOS JR,3mo,6,2
C0142,HOOS JR,1yr,1,2
C0142,HOOS JR,1yr,2,1
C0142,HOOS JR,1yr,3,1
C0142,HOOS JR,1yr,4,2
C0142,HOOS JR,1yr,5,1
C0142,HOOS JR,1yr,6,0
C0145,KOOS JR,preop,1,2
C0145,KOOS JR,preop,2,2
C0145,KOOS JR,preop,3,2
C0145,KOOS JR,preop,4,1
C0145,KOOS JR,preop,5,2
C0145,KOOS JR,preop,6,2
C0145,KOOS JR,preop,7,2
C0145,KOOS JR,6wk,1,1
C0145,KOOS JR,6wk,2,0
C0145,KOOS JR,6wk,3,2
C0145,KOOS JR,6wk,4,2
C0145,KOOS JR,6wk,5,1
C0145,KOOS JR,6wk,6,2
C0145,KOOS JR,6wk,7,1
C0145,KOOS JR,3mo,1,0
C0145,KOOS JR,3mo,2,1
C0145,KOOS JR,3mo,3,1
C0145,KOOS JR,3mo,4,1
C0145,KOOS JR,3mo,5,1
C0145,KOOS JR,3mo,6,1
C0145,KOOS JR,3mo,7,1
C0145,KOOS JR,1yr,1,2
C0145,KOOS JR,1yr,2,0
C0145,KOOS JR,1yr,3,0
C0145,KOOS JR,1yr,4,1
C0145,KOOS JR,1yr,5,1
C0145,KOOS JR,1yr,6,0
C0145,KOOS JR,1yr,7,0
C0146,KOOS JR,preop,1,3
C0146,KOOS JR,preop,2,2
C0146,KOOS JR,preop,3,2
C0146,KOOS JR,preop,4,3
C0146,KOOS JR,preop,5,2
C0146,KOOS JR,preop,6,4
C0146,KOOS JR,preop,7,3
C0146,KOOS JR,6wk,1,3
C0146,KOOS JR,6wk,2,2
C0146,KOOS JR,6wk,3,2
C0146,KOOS JR,6wk,4,2
C0146,KOOS JR,6wk,5,2
C0146,KOOS JR,6wk,6,2
C0146,KOOS JR,6wk,7,2
C0146,KOOS JR,3mo,1,
C0146,KOOS JR,3mo,2,
C0146,KOOS JR,3mo,3,
C0146,KOOS JR,3mo,4,
C0146,KOOS JR,3mo,5,
C0146,KOOS JR,3mo,6,
C0146,KOOS JR,3mo,7,
C0146,KOOS JR,1yr,1,2
C0146,KOOS JR,1yr,2,1
C0146,KOOS JR,1yr,3,2
C0146,KOOS JR,1yr,4,0
C0146,KOOS JR,1yr,5,1
C0146,KOOS JR,1yr,6,1
C0146,KOOS JR,1yr,7,2
C0149,KOOS JR,preop,1,2
C0149,KOOS JR,preop,2,3
C0149,KOOS JR,preop,3,3
C0149,KOOS JR,preop,4,2
C0149,KOOS JR,preop,5,3
C0149,KOOS JR,preop,6,3
C0149,KOOS JR,preop,7,2
C0149,KOOS JR,6wk,1,3
C0149,KOOS JR,6wk,2,2
C0149,KOOS JR,6wk,3,2
C0149,KOOS JR,6wk,4,3
C0149,KOOS JR,6wk,5,2
C0149,KOOS JR,6wk,6,3
C0149,KOOS JR,6wk,7,2
C0149,KOOS JR,3mo,1,2
C0149,KOOS JR,3mo,2,1
C0149,KOOS JR,3mo,3,1
C0149,KOOS JR,3mo,4,3
C0149,KOOS JR,3mo,5,1
C0149,KOOS JR,3mo,6,2
C0149,KOOS JR,3mo,7,3
C0149,KOOS JR,1yr,1,1
C0149,KOOS JR,1yr,2,2
C0149,KOOS JR,1yr,3,1
C0149,KOOS JR,1yr,4,2
C0149,KOOS JR,1yr,5,2
C0149,KOOS JR,1yr,6,1
C0149,KOOS JR,1yr,7,1
C0153,HOOS JR,preop,1,2
C0153,HOOS JR,preop,2,3
C0153,HOOS JR,preop,3,3
C0153,HOOS JR,preop,4,2
C0153,HOOS JR,preop,5,3
C0153,HOOS JR,preop,6,3
C0153,HOOS JR,6wk,1,2
C0153,HOOS JR,6wk,2,1
C0153,HOOS JR,6wk,3,0
C0153,HOOS JR,6wk,4,2
C0153,HOOS JR,6wk,5,1
C0153,HOOS JR,6wk,6,1
C0153,HOOS JR,3mo,1,0
C0153,HOOS JR,3mo,2,0
C0153,HOOS JR,3mo,3,1
C0153,HOOS JR,3mo,4,0
C0153,HOOS JR,3mo,5,0
C0153,HOOS JR,3mo,6,0
C0153,HOOS JR,1yr,1,2
C0153,HOOS JR,1yr,2,1
C0153,HOOS JR,1yr,3,1
C0153,HOOS JR,1yr,4,0
C0153,HOOS JR,1yr,5,0
C0153,HOOS JR,1yr,6,1
C0161,KOOS JR,preop,1,
C0161,KOOS JR,preop,2,2
C0161,KOOS JR,preop,3,1
C0161,KOOS JR,preop,4,1
C0161,KOOS JR,preop,5,0
C0161,KOOS JR,preop,6,1
C0161,KOOS JR,preop,7,2
C0161,KOOS JR,6wk,1,2
C0161,KOOS JR,6wk,2,1
C0161,KOOS JR,6wk,3,2
C0161,KOOS JR,6wk,4,1
C0161,KOOS JR,6wk,5,2
C0161,KOOS JR,6wk,6,2
C0161,KOOS JR,6wk,7,1
C0161,KOOS JR,3mo,1,
C0161,KOOS JR,3mo,2,
C0161,KOOS JR,3mo,3,
C0161,KOOS JR,3mo,4,
C0161,KOOS JR,3mo,5,
C0161,KOOS JR,3mo,6,
C0161,KOOS JR,3mo,7,
C0161,KOOS JR,1yr,1,0
C0161,KOOS JR,1yr,2,2
C0161,KOOS JR,1yr,3,0
C0161,KOOS JR,1yr,4,0
C0161,KOOS JR,1yr,5,0
C0161,KOOS JR,1yr,6,0
C0161,KOOS JR,1yr,7,0
C0162,KOOS JR,preop,1,0
C0162,KOOS JR,preop,2,0
C0162,KOOS JR,preop,3,2
C0162,KOOS JR,preop,4,1
C0162,KOOS JR,preop,5,0
C0162,KOOS JR,preop,6,0
C0162,KOOS JR,preop,7,1
C0162,KOOS JR,6wk,1,1
C0162,KOOS JR,6wk,2,1
C0162,KOOS JR,6wk,3,1
C0162,KOOS JR,6wk,4,1
C0162,KOOS JR,6wk,5,1
C0162,KOOS JR,6wk,6,0
C0162,KOOS JR,6wk,7,0
C0162,KOOS JR,3mo,1,0
C0162,KOOS JR,3mo,2,0
C0162,KOOS JR,3mo,3,0
C0162,KOOS JR,3mo,4,0
C0162,KOOS JR,3mo,5,0
C0162,KOOS JR,3mo,6,
C0162,KOOS JR,3mo,7,1
C0162,KOOS JR,1yr,1,
C0162,KOOS JR,1yr,2,
C0162,KOOS JR,1yr,3,
C0162,KOOS JR,1yr,4,
C0162,KOOS JR,1yr,5,
C0162,KOOS JR,1yr,6,
C0162,KOOS JR,1yr,7,
C0166,HOOS JR,preop,1,1
C0166,HOOS JR,preop,2,2
C0166,HOOS JR,preop,3,2
C0166,HOOS JR,preop,4,2
C0166,HOOS JR,preop,5,2
C0166,HOOS JR,preop,6,2
C0166,HOOS JR,6wk,1,
C0166,HOOS JR,6wk,2,
C0166,HOOS JR,6wk,3,
C0166,HOOS JR,6wk,4,
C0166,HOOS JR,6wk,5,
C0166,HOOS JR,6wk,6,
C0166,HOOS JR,3mo,1,0
C0166,HOOS JR,3mo,2,0
C0166,HOOS JR,3mo,3,0
C0166,HOOS JR,3mo,4,1
C0166,HOOS JR,3mo,5,1
C0166,HOOS JR,3mo,6,1
C0166,HOOS JR,1yr,1,1
C0166,HOOS JR,1yr,2,1
C0166,HOOS JR,1yr,3,1
C0166,HOOS JR,1yr,4,0
C0166,HOOS JR,1yr,5,1
C0166,HOOS JR,1yr,6,0
C0167,HOOS JR,preop,1,1
C0167,HOOS JR,preop,2,1
C0167,HOOS JR,preop,3,2
C0167,HOOS JR,preop,4,2
C0167,HOOS JR,preop,5,2
C0167,HOOS JR,preop,6,1
C0167,HOOS JR,6wk,1,1
C0167,HOOS JR,6wk,2,0
C0167,HOOS JR,6wk,3,0
C0167,HOOS JR,6wk,4,0
C0167,HOOS JR,6wk,5,1
C0167,HOOS JR,6wk,6,1
C0167,HOOS JR,3mo,1,0
C0167,HOOS JR,3mo,2,0
C0167,HOOS JR,3mo,3,1
C0167,HOOS JR,3mo,4,2
C0167,HOOS JR,3mo,5,1
C0167,HOOS JR,3mo,6,1
C0167,HOOS JR,1yr,1,2
C0167,HOOS JR,1yr,2,0
C0167,HOOS JR,1yr,3,2
C0167,HOOS JR,1yr,4,0
C0167,HOOS JR,1yr,5,0
C0167,HOOS JR,1yr,6,1
C0171,KOOS JR,preop,1,2
C0171,KOOS JR,preop,2,2
C0171,KOOS JR,preop,3,2
C0171,KOOS JR,preop,4,2
C0171,KOOS JR,preop,5,3
C0171,KOOS JR,preop,6,2
C0171,KOOS JR,preop,7,2
C0171,KOOS JR,6wk,1,3
C0171,KOOS JR,6wk,2,2
C0171,KOOS JR,6wk,3,1
C0171,KOOS JR,6wk,4,2
C0171,KOOS JR,6wk,5,2
C0171,KOOS JR,6wk,6,1
C0171,KOOS JR,6wk,7,
C0171,KOOS JR,3mo,1,0
C0171,KOOS JR,3mo,2,1
C0171,KOOS JR,3mo,3,0
C0171,KOOS JR,3mo,4,0
C0171,KOOS JR,3mo,5,0
C0171,KOOS JR,3mo,6,1
C0171,KOOS JR,3mo,7,2
C0171,KOOS JR,1yr,1,1
C0171,KOOS JR,1yr,2,0
C0171,KOOS JR,1yr,3,0
C0171,KOOS JR,1yr,4,0
C0171,KOOS JR,1yr,5,2
C0171,KOOS JR,1yr,6,1
C0171,KOOS JR,1yr,7,1
C0173,HOOS JR,preop,1,2
C0173,HOOS JR,preop,2,3
C0173,HOOS JR,preop,3,2
C0173,HOOS JR,preop,4,2
C0173,HOOS JR,preop,5,1
C0173,HOOS JR,preop,6,2
C0173,HOOS JR,6wk,1,1
C0173,HOOS JR,6wk,2,
C0173,HOOS JR,6wk,3,1
C0173,HOOS JR,6wk,4,1
C0173,HOOS JR,6wk,5,1
C0173,HOOS JR,6wk,6,1
C0173,HOOS JR,3mo,1,0
C0173,HOOS JR,3mo,2,0
C0173,HOOS JR,3mo,3,0
C0173,HOOS JR,3mo,4,0
C0173,HOOS JR,3mo,5,0
C0173,HOOS JR,3mo,6,1
C0173,HOOS JR,1yr,1,2
C0173,HOOS JR,1yr,2,0
C0173,HOOS JR,1yr,3,0
C0173,HOOS JR,1yr,4,0
C0173,HOOS JR,1yr,5,0
C0173,HOOS JR,1yr,6,0
C0174,KOOS JR,preop,1,2
C0174,KOOS JR,preop,2,
C0174,KOOS JR,preop,3,2
C0174,KOOS JR,preop,4,2
C0174,KOOS JR,preop,5,1
C0174,KOOS JR,preop,6,3
C0174,KOOS JR,preop,7,3
C0174,KOOS JR,6wk,1,2
C0174,KOOS JR,6wk,2,3
C0174,KOOS JR,6wk,3,2
C0174,KOOS JR,6wk,4,1
C0174,KOOS JR,6wk,5,1
C0174,KOOS JR,6wk,6,2
C0174,KOOS JR,6wk,7,3
C0174,KOOS JR,3mo,1,2
C0174,KOOS JR,3mo,2,1
C0174,KOOS JR,3mo,3,1
C0174,KOOS JR,3mo,4,0
C0174,KOOS JR,3mo,5,0
C0174,KOOS JR,3mo,6,1
C0174,KOOS JR,3mo,7,1
C0174,KOOS JR,1yr,1,1
C0174,KOOS JR,1yr,2,2
C0174,KOOS JR,1yr,3,1
C0174,KOOS JR,1yr,4,2
C0174,KOOS JR,1yr,5,1
C0174,KOOS JR,1yr,6,1
C0174,KOOS JR,1yr,7,1
C0175,HOOS JR,preop,1,1
C0175,HOOS JR,preop,2,1
C0175,HOOS JR,preop,3,1
C0175,HOOS JR,preop,4,1
C0175,HOOS JR,preop,5,1
C0175,HOOS JR,preop,6,1
C0175,HOOS JR,6wk,1,
C0175,HOOS JR,6wk,2,
C0175,HOOS JR,6wk,3,
C0175,HOOS JR,6wk,4,
C0175,HOOS JR,6wk,5,
C0175,HOOS JR,6wk,6,
C0175,HOOS JR,3mo,1,0
C0175,HOOS JR,3mo,2,0
C0175,HOOS JR,3mo,3,0
C0175,HOOS JR,3mo,4,0
C0175,HOOS JR,3mo,5,0
C0175,HOOS JR,3mo,6,0
C0175,HOOS JR,1yr,1,0
C0175,HOOS JR,1yr,2,0
C0175,HOOS JR,1yr,3,0
C0175,HOOS JR,1yr,4,0
C0175,HOOS JR,1yr,5,0
C0175,HOOS JR,1yr,6,0
C0183,HOOS JR,preop,1,3
C0183,HOOS JR,preop,2,3
C0183,HOOS JR,preop,3,2
C0183,HOOS JR,preop,4,2
C0183,HOOS JR,preop,5,2
C0183,HOOS JR,preop,6,3
C0183,HOOS JR,6wk,1,1
C0183,HOOS JR,6wk,2,0
C0183,HOOS JR,6wk,3,1
C0183,HOOS JR,6wk,4,1
C0183,HOOS JR,6wk,5,1
C0183,HOOS JR,6wk,6,2
C0183,HOOS JR,3mo,1,0
C0183,HOOS JR,3mo,2,1
C0183,HOOS JR,3mo,3,2
C0183,HOOS JR,3mo,4,0
C0183,HOOS JR,3mo,5,
C0183,HOOS JR,3mo,6,1
C0183,HOOS JR,1yr,1,
C0183,HOOS JR,1yr,2,0
C0183,HOOS JR,1yr,3,0
C0183,HOOS JR,1yr,4,0
C0183,HOOS JR,1yr,5,0
C0183,HOOS JR,1yr,6,0
C0187,KOOS JR,preop,1,2
C0187,KOOS JR,preop,2,2
C0187,KOOS JR,preop,3,2
C0187,KOOS JR,preop,4,1
C0187,KOOS JR,preop,5,2
C0187,KOOS JR,preop,6,2
C0187,KOOS JR,preop,7,2
C0187,KOOS JR,6wk,1,3
C0187,KOOS JR,6wk,2,3
C0187,KOOS JR,6wk,3,3
C0187,KOOS JR,6wk,4,2
C0187,KOOS JR,6wk,5,3
C0187,KOOS JR,6wk,6,3
C0187,KOOS JR,6wk,7,2
C0187,KOOS JR,3mo,1,1
C0187,KOOS JR,3mo,2,2
C0187,KOOS JR,3mo,3,1
C0187,KOOS JR,3mo,4,2
C0187,KOOS JR,3mo,5,1
C0187,KOOS JR,3mo,6,1
C0187,KOOS JR,3mo,7,2
C0187,KOOS JR,1yr,1,1
C0187,KOOS JR,1yr,2,2
C0187,KOOS JR,1yr,3,2
C0187,KOOS JR,1yr,4,2
C0187,KOOS JR,1yr,5,1
C0187,KOOS JR,1yr,6,2
C0187,KOOS JR,1yr,7,2
C0189,HOOS JR,preop,1,2
C0189,HOOS JR,preop,2,2
C0189,HOOS JR,preop,3,3
C0189,HOOS JR,preop,4,2
C0189,HOOS JR,preop,5,1
C0189,HOOS JR,preop,6,1
C0189,HOOS JR,6wk,1,0
C0189,HOOS JR,6wk,2,2
C0189,HOOS JR,6wk,3,
C0189,HOOS JR,6wk,4,0
C0189,HOOS JR,6wk,5,2
C0189,HOOS JR,6wk,6,0
C0189,HOOS JR,3mo,1,
C0189,HOOS JR,3mo,2,
C0189,HOOS JR,3mo,3,
C0189,HOOS JR,3mo,4,
C0189,HOOS JR,3mo,5,
C0189,HOOS JR,3mo,6,
C0189,HOOS JR,1yr,1,0
C0189,HOOS JR,1yr,2,0
C0189,HOOS JR,1yr,3,1
C0189,HOOS JR,1yr,4,1
C0189,HOOS JR,1yr,5,1
C0189,HOOS JR,1yr,6,1
C0191,HOOS JR,preop,1,2
C0191,HOOS JR,preop,2,2
C0191,HOOS JR,preop,3,2
C0191,HOOS JR,preop,4,2
C0191,HOOS JR,preop,5,3
C0191,HOOS JR,preop,6,3
C0191,HOOS JR,6wk,1,2
C0191,HOOS JR,6wk,2,2
C0191,HOOS JR,6wk,3,2
C0191,HOOS JR,6wk,4,3
C0191,HOOS JR,6wk,5,2
C0191,HOOS JR,6wk,6,2
C0191,HOOS JR,3mo,1,2
C0191,HOOS JR,3mo,2,2
C0191,HOOS JR,3mo,3,3
C0191,HOOS JR,3mo,4,3
C0191,HOOS JR,3mo,5,3
C0191,HOOS JR,3mo,6,3
C0191,HOOS JR,1yr,1,2
C0191,HOOS JR,1yr,2,1
C0191,HOOS JR,1yr,3,1
C0191,HOOS JR,1yr,4,2
C0191,HOOS JR,1yr,5,2
C0191,HOOS JR,1yr,6,2
C0198,KOOS JR,preop,1,2
C0198,KOOS JR,preop,2,1
C0198,KOOS JR,preop,3,1
C0198,KOOS JR,preop,4,1
C0198,KOOS JR,preop,5,2
C0198,KOOS JR,preop,6,2
C0198,KOOS JR,preop,7,1
C0198,KOOS JR,6wk,1,1
C0198,KOOS JR,6wk,2,2
C0198,KOOS JR,6wk,3,1
C0198,KOOS JR,6wk,4,2
C0198,KOOS JR,6wk,5,1
C0198,KOOS JR,6wk,6,0
C0198,KOOS JR,6wk,7,2
C0198,KOOS JR,3mo,1,
C0198,KOOS JR,3mo,2,
C0198,KOOS JR,3mo,3,
C0198,KOOS JR,3mo,4,
C0198,KOOS JR,3mo,5,
C0198,KOOS JR,3mo,6,
C0198,KOOS JR,3mo,7,
C0198,KOOS JR,1yr,1,
C0198,KOOS JR,1yr,2,
C0198,KOOS JR,1yr,3,
C0198,KOOS JR,1yr,4,
C0198,KOOS JR,1yr,5,
C0198,KOOS JR,1yr,6,
C0198,KOOS JR,1yr,7,
C0206,KOOS JR,preop,1,2
C0206,KOOS JR,preop,2,2
C0206,KOOS JR,preop,3,1
C0206,KOOS JR,preop,4,1
C0206,KOOS JR,preop,5,2
C0206,KOOS JR,preop,6,1
C0206,KOOS JR,preop,7,2
C0206,KOOS JR,6wk,1,2
C0206,KOOS JR,6wk,2,2
C0206,KOOS JR,6wk,3,2
C0206,KOOS JR,6wk,4,2
C0206,KOOS JR,6wk,5,2
C0206,KOOS JR,6wk,6,2
C0206,KOOS JR,6wk,7,2
C0206,KOOS JR,3mo,1,1
C0206,KOOS JR,3mo,2,1
C0206,KOOS JR,3mo,3,1
C0206,KOOS JR,3mo,4,1
C0206,KOOS JR,3mo,5,1
C0206,KOOS JR,3mo,6,1
C0206,KOOS JR,3mo,7,1
C0206,KOOS JR,1yr,1,
C0206,KOOS JR,1yr,2,
C0206,KOOS JR,1yr,3,
C0206,KOOS JR,1yr,4,
C0206,KOOS JR,1yr,5,
C0206,KOOS JR,1yr,6,
C0206,KOOS JR,1yr,7,
C0207,HOOS JR,preop,1,
C0207,HOOS JR,preop,2,2
C0207,HOOS JR,preop,3,2
C0207,HOOS JR,preop,4,2
C0207,HOOS JR,preop,5,3
C0207,HOOS JR,preop,6,2
C0207,HOOS JR,6wk,1,1
C0207,HOOS JR,6wk,2,3
C0207,HOOS JR,6wk,3,
C0207,HOOS JR,6wk,4,2
C0207,HOOS JR,6wk,5,1
C0207,HOOS JR,6wk,6,1
C0207,HOOS JR,3mo,1,2
C0207,HOOS JR,3mo,2,1
C0207,HOOS JR,3mo,3,0
C0207,HOOS JR,3mo,4,1
C0207,HOOS JR,3mo,5,0
C0207,HOOS JR,3mo,6,
C0207,HOOS JR,1yr,1,0
C0207,HOOS JR,1yr,2,1
C0207,HOOS JR,1yr,3,0
C0207,HOOS JR,1yr,4,0
C0207,HOOS JR,1yr,5,0
C0207,HOOS JR,1yr,6,
C0213,KOOS JR,preop,1,3
C0213,KOOS JR,preop,2,3
C0213,KOOS JR,preop,3,1
C0213,KOOS JR,preop,4,2
C0213,KOOS JR,preop,5,1
C0213,KOOS JR,preop,6,3
C0213,KOOS JR,preop,7,2
C0213,KOOS JR,6wk,1,1
C0213,KOOS JR,6wk,2,1
C0213,KOOS JR,6wk,3,1
C0213,KOOS JR,6wk,4,1
C0213,KOOS JR,6wk,5,1
C0213,KOOS JR,6wk,6,0
C0213,KOOS JR,6wk,7,1
C0213,KOOS JR,3mo,1,0
C0213,KOOS JR,3mo,2,0
C0213,KOOS JR,3mo,3,0
C0213,KOOS JR,3mo,4,1
C0213,KOOS JR,3mo,5,0
C0213,KOOS JR,3mo,6,0
C0213,KOOS JR,3mo,7,0
C0213,KOOS JR,1yr,1,0
C0213,KOOS JR,1yr,2,0
C0213,KOOS JR,1yr,3,1
C0213,KOOS JR,1yr,4,0
C0213,KOOS JR,1yr,5,1
C0213,KOOS JR,1yr,6,0
C0213,KOOS JR,1yr,7,0
C0215,KOOS JR,preop,1,2
C0215,KOOS JR,preop,2,2
C0215,KOOS JR,preop,3,2
C0215,KOOS JR,preop,4,2
C0215,KOOS JR,preop,5,1
C0215,KOOS JR,preop,6,1
C0215,KOOS JR,preop,7,3
C0215,KOOS JR,6wk,1,0
C0215,KOOS JR,6wk,2,1
C0215,KOOS JR,6wk,3,2
C0215,KOOS JR,6wk,4,0
C0215,KOOS JR,6wk,5,2
C0215,KOOS JR,6wk,6,1
C0215,KOOS JR,6wk,7,1
C0215,KOOS JR,3mo,1,1
C0215,KOOS JR,3mo,2,0
C0215,KOOS JR,3mo,3,1
C0215,KOOS JR,3mo,4,3
C0215,KOOS JR,3mo,5,1
C0215,KOOS JR,3mo,6,2
C0215,KOOS JR,3mo,7,1
C0215,KOOS JR,1yr,1,1
C0215,KOOS JR,1yr,2,2
C0215,KOOS JR,1yr,3,0
C0215,KOOS JR,1yr,4,
C0215,KOOS JR,1yr,5,1
C0215,KOOS JR,1yr,6,0
C0215,KOOS JR,1yr,7,1
C0216,KOOS JR,preop,1,2
C0216,KOOS JR,preop,2,2
C0216,KOOS JR,preop,3,1
C0216,KOOS JR,preop,4,2
C0216,KOOS JR,preop,5,1
C0216,KOOS JR,preop,6,2
C0216,KOOS JR,preop,7,3
C0216,KOOS JR,6wk,1,1
C0216,KOOS JR,6wk,2,2
C0216,KOOS JR,6wk,3,1
C0216,KOOS JR,6wk,4,3
C0216,KOOS JR,6wk,5,1
C0216,KOOS JR,6wk,6,2
C0216,KOOS JR,6wk,7,2
C0216,KOOS JR,3mo,1,0
C0216,KOOS JR,3mo,2,0
C0216,KOOS JR,3mo,3,0
C0216,KOOS JR,3mo,4,0
C0216,KOOS JR,3mo,5,0
C0216,KOOS JR,3mo,6,0
C0216,KOOS JR,3mo,7,0
C0216,KOOS JR,1yr,1,0
C0216,KOOS JR,1yr,2,1
C0216,KOOS JR,1yr,3,0
C0216,KOOS JR,1yr,4,1
C0216,KOOS JR,1yr,5,0
C0216,KOOS JR,1yr,6,
C0216,KOOS JR,1yr,7,0
C0217,KOOS JR,preop,1,2
C0217,KOOS JR,preop,2,
C0217,KOOS JR,preop,3,3
C0217,KOOS JR,preop,4,3
C0217,KOOS JR,preop,5,2
C0217,KOOS JR,preop,6,3
C0217,KOOS JR,preop,7,3
C0217,KOOS JR,6wk,1,1
C0217,KOOS JR,6wk,2,0
C0217,KOOS JR,6wk,3,2
C0217,KOOS JR,6wk,4,1
C0217,KOOS JR,6wk,5,1
C0217,KOOS JR,6wk,6,2
C0217,KOOS JR,6wk,7,
C0217,KOOS JR,3mo,1,1
C0217,KOOS JR,3mo,2,1
C0217,KOOS JR,3mo,3,2
C0217,KOOS JR,3mo,4,2
C0217,KOOS JR,3mo,5,1
C0217,KOOS JR,3mo,6,1
C0217,KOOS JR,3mo,7,1
C0217,KOOS JR,1yr,1,2
C0217,KOOS JR,1yr,2,1
C0217,KOOS JR,1yr,3,2
C0217,KOOS JR,1yr,4,3
C0217,KOOS JR,1yr,5,2
C0217,KOOS JR,1yr,6,2
C0217,KOOS JR,1yr,7,2
C0229,HOOS JR,preop,1,3
C0229,HOOS JR,preop,2,3
C0229,HOOS JR,preop,3,3
C0229,HOOS JR,preop,4,3
C0229,HOOS JR,preop,5,3
C0229,HOOS JR,preop,6,2
C0229,HOOS JR,6wk,1,2
C0229,HOOS JR,6wk,2,0
C0229,HOOS JR,6wk,3,1
C0229,HOOS JR,6wk,4,0
C0229,HOOS JR,6wk,5,2
C0229,HOOS JR,6wk,6,1
C0229,HOOS JR,3mo,1,0
C0229,HOOS JR,3mo,2,0
C0229,HOOS JR,3mo,3,1
C0229,HOOS JR,3mo,4,1
C0229,HOOS JR,3mo,5,0
C0229,HOOS JR,3mo,6,1
C0229,HOOS JR,1yr,1,1
C0229,HOOS JR,1yr,2,0
C0229,HOOS JR,1yr,3,1
C0229,HOOS JR,1yr,4,1
C0229,HOOS JR,1yr,5,0
C0229,HOOS JR,1yr,6,1
C0231,KOOS JR,preop,1,
C0231,KOOS JR,preop,2,
C0231,KOOS JR,preop,3,
C0231,KOOS JR,preop,4,
C0231,KOOS JR,preop,5,
C0231,KOOS JR,preop,6,
C0231,KOOS JR,preop,7,
C0231,KOOS JR,6wk,1,1
C0231,KOOS JR,6wk,2,1
C0231,KOOS JR,6wk,3,1
C0231,KOOS JR,6wk,4,1
C0231,KOOS JR,6wk,5,1
C0231,KOOS JR,6wk,6,1
C0231,KOOS JR,6wk,7,2
C0231,KOOS JR,3mo,1,1
C0231,KOOS JR,3mo,2,1
C0231,KOOS JR,3mo,3,1
C0231,KOOS JR,3mo,4,
C0231,KOOS JR,3mo,5,1
C0231,KOOS JR,3mo,6,0
C0231,KOOS JR,3mo,7,1
C0231,KOOS JR,1yr,1,0
C0231,KOOS JR,1yr,2,0
C0231,KOOS JR,1yr,3,1
C0231,KOOS JR,1yr,4,1
C0231,KOOS JR,1yr,5,1
C0231,KOOS JR,1yr,6,0
C0231,KOOS JR,1yr,7,1
C0232,HOOS JR,preop,1,2
C0232,HOOS JR,preop,2,3
C0232,HOOS JR,preop,3,1
C0232,HOOS JR,preop,4,2
C0232,HOOS JR,preop,5,1
C0232,HOOS JR,preop,6,
C0232,HOOS JR,6wk,1,2
C0232,HOOS JR,6wk,2,2
C0232,HOOS JR,6wk,3,1
C0232,HOOS JR,6wk,4,3
C0232,HOOS JR,6wk,5,1
C0232,HOOS JR,6wk,6,1
C0232,HOOS JR,3mo,1,0
C0232,HOOS JR,3mo,2,1
C0232,HOOS JR,3mo,3,1
C0232,HOOS JR,3mo,4,1
C0232,HOOS JR,3mo,5,2
C0232,HOOS JR,3mo,6,1
C0232,HOOS JR,1yr,1,0
C0232,HOOS JR,1yr,2,1
C0232,HOOS JR,1yr,3,1
C0232,HOOS JR,1yr,4,0
C0232,HOOS JR,1yr,5,0
C0232,HOOS JR,1yr,6,1
C0238,KOOS JR,preop,1,1
C0238,KOOS JR,preop,2,2
C0238,KOOS JR,preop,3,2
C0238,KOOS JR,preop,4,1
C0238,KOOS JR,preop,5,2
C0238,KOOS JR,preop,6,2
C0238,KOOS JR,preop,7,1
C0238,KOOS JR,6wk,1,2
C0238,KOOS JR,6wk,2,2
C0238,KOOS JR,6wk,3,1
C0238,KOOS JR,6wk,4,2
C0238,KOOS JR,6wk,5,1
C0238,KOOS JR,6wk,6,2
C0238,KOOS JR,6wk,7,0
C0238,KOOS JR,3mo,1,2
C0238,KOOS JR,3mo,2,0
C0238,KOOS JR,3mo,3,1
C0238,KOOS JR,3mo,4,0
C0238,KOOS JR,3mo,5,1
C0238,KOOS JR,3mo,6,0
C0238,KOOS JR,3mo,7,2
C0238,KOOS JR,1yr,1,0
C0238,KOOS JR,1yr,2,0
C0238,KOOS JR,1yr,3,1
C0238,KOOS JR,1yr,4,
C0238,KOOS JR,1yr,5,0
C0238,KOOS JR,1yr,6,
C0238,KOOS JR,1yr,7,
C0241,HOOS JR,preop,1,2
C0241,HOOS JR,preop,2,2
C0241,HOOS JR,preop,3,2
C0241,HOOS JR,preop,4,2
C0241,HOOS JR,preop,5,2
C0241,HOOS JR,preop,6,3
C0241,HOOS JR,6wk,1,1
C0241,HOOS JR,6wk,2,1
C0241,HOOS JR,6wk,3,3
C0241,HOOS JR,6wk,4,1
C0241,HOOS JR,6wk,5,1
C0241,HOOS JR,6wk,6,0
C0241,HOOS JR,3mo,1,2
C0241,HOOS JR,3mo,2,1
C0241,HOOS JR,3mo,3,1
C0241,HOOS JR,3mo,4,1
C0241,HOOS JR,3mo,5,0
C0241,HOOS JR,3mo,6,1
C0241,HOOS JR,1yr,1,1
C0241,HOOS JR,1yr,2,2
C0241,HOOS JR,1yr,3,2
C0241,HOOS JR,1yr,4,0
C0241,HOOS JR,1yr,5,0
C0241,HOOS JR,1yr,6,0
C0242,HOOS JR,preop,1,1
C0242,HOOS JR,preop,2,2
C0242,HOOS JR,preop,3,1
C0242,HOOS JR,preop,4,1
C0242,HOOS JR,preop,5,0
C0242,HOOS JR,preop,6,1
C0242,HOOS JR,6wk,1,1
C0242,HOOS JR,6wk,2,2
C0242,HOOS JR,6wk,3,1
C0242,HOOS JR,6wk,4,2
C0242,HOOS JR,6wk,5,1
C0242,HOOS JR,6wk,6,2
C0242,HOOS JR,3mo,1,1
C0242,HOOS JR,3mo,2,2
C0242,HOOS JR,3mo,3,2
C0242,HOOS JR,3mo,4,1
C0242,HOOS JR,3mo,5,1
C0242,HOOS JR,3mo,6,1
C0242,HOOS JR,1yr,1,
C0242,HOOS JR,1yr,2,0
C0242,HOOS JR,1yr,3,1
C0242,HOOS JR,1yr,4,0
C0242,HOOS JR,1yr,5,0
C0242,HOOS JR,1yr,6,2
C0247,HOOS JR,preop,1,3
C0247,HOOS JR,preop,2,3
C0247,HOOS JR,preop,3,3
C0247,HOOS JR,preop,4,2
C0247,HOOS JR,preop,5,2
C0247,HOOS JR,preop,6,4
C0247,HOOS JR,6wk,1,1
C0247,HOOS JR,6wk,2,1
C0247,HOOS JR,6wk,3,2
C0247,HOOS JR,6wk,4,2
C0247,HOOS JR,6wk,5,1
C0247,HOOS JR,6wk,6,2
C0247,HOOS JR,3mo,1,0
C0247,HOOS JR,3mo,2,1
C0247,HOOS JR,3mo,3,0
C0247,HOOS JR,3mo,4,2
C0247,HOOS JR,3mo,5,0
C0247,HOOS JR,3mo,6,1
C0247,HOOS JR,1yr,1,
C0247,HOOS JR,1yr,2,
C0247,HOOS JR,1yr,3,
C0247,HOOS JR,1yr,4,
C0247,HOOS JR,1yr,5,
C0247,HOOS JR,1yr,6,
C0249,KOOS JR,preop,1,3
C0249,KOOS JR,preop,2,3
C0249,KOOS JR,preop,3,4
C0249,KOOS JR,preop,4,2
C0249,KOOS JR,preop,5,3
C0249,KOOS JR,preop,6,3
C0249,KOOS JR,preop,7,2
C0249,KOOS JR,6wk,1,1
C0249,KOOS JR,6wk,2,2
C0249,KOOS JR,6wk,3,1
C0249,KOOS JR,6wk,4,2
C0249,KOOS JR,6wk,5,1
C0249,KOOS JR,6wk,6,1
C0249,KOOS JR,6wk,7,1
C0249,KOOS JR,3mo,1,1
C0249,KOOS JR,3mo,2,2
C0249,KOOS JR,3mo,3,0
C0249,KOOS JR,3mo,4,0
C0249,KOOS JR,3mo,5,1
C0249,KOOS JR,3mo,6,1
C0249,KOOS JR,3mo,7,1
C0249,KOOS JR,1yr,1,1
C0249,KOOS JR,1yr,2,0
C0249,KOOS JR,1yr,3,0
C0249,KOOS JR,1yr,4,2
C0249,KOOS JR,1yr,5,1
C0249,KOOS JR,1yr,6,0
C0249,KOOS JR,1yr,7,0
C0250,HOOS JR,preop,1,2
C0250,HOOS JR,preop,2,1
C0250,HOOS JR,preop,3,2
C0250,HOOS JR,preop,4,2
C0250,HOOS JR,preop,5,3
C0250,HOOS JR,preop,6,2
C0250,HOOS JR,6wk,1,1
C0250,HOOS JR,6wk,2,1
C0250,HOOS JR,6wk,3,2
C0250,HOOS JR,6wk,4,1
C0250,HOOS JR,6wk,5,2
C0250,HOOS JR,6wk,6,1
C0250,HOOS JR,3mo,1,2
C0250,HOOS JR,3mo,2,3
C0250,HOOS JR,3mo,3,2
C0250,HOOS JR,3mo,4,1
C0250,HOOS JR,3mo,5,1
C0250,HOOS JR,3mo,6,1
C0250,HOOS JR,1yr,1,0
C0250,HOOS JR,1yr,2,0
C0250,HOOS JR,1yr,3,1
C0250,HOOS JR,1yr,4,0
C0250,HOOS JR,1yr,5,0
C0250,HOOS JR,1yr,6,0
C0254,KOOS JR,preop,1,2
C0254,KOOS JR,preop,2,2
C0254,KOOS JR,preop,3,3
C0254,KOOS JR,preop,4,2
C0254,KOOS JR,preop,5,3
C0254,KOOS JR,preop,6,3
C0254,KOOS JR,preop,7,3
C0254,KOOS JR,6wk,1,2
C0254,KOOS JR,6wk,2,1
C0254,KOOS JR,6wk,3,1
C0254,KOOS JR,6wk,4,1
C0254,KOOS JR,6wk,5,2
C0254,KOOS JR,6wk,6,3
C0254,KOOS JR,6wk,7,
C0254,KOOS JR,3mo,1,0
C0254,KOOS JR,3mo,2,0
C0254,KOOS JR,3mo,3,1
C0254,KOOS JR,3mo,4,1
C0254,KOOS JR,3mo,5,2
C0254,KOOS JR,3mo,6,1
C0254,KOOS JR,3mo,7,2
C0254,KOOS JR,1yr,1,1
C0254,KOOS JR,1yr,2,1
C0254,KOOS JR,1yr,3,1
C0254,KOOS JR,1yr,4,1
C0254,KOOS JR,1yr,5,0
C0254,KOOS JR,1yr,6,1
C0254,KOOS JR,1yr,7,1
C0256,KOOS JR,preop,1,2
C0256,KOOS JR,preop,2,2
C0256,KOOS JR,preop,3,2
C0256,KOOS JR,preop,4,3
C0256,KOOS JR,preop,5,2
C0256,KOOS JR,preop,6,2
C0256,KOOS JR,preop,7,0
C0256,KOOS JR,6wk,1,2
C0256,KOOS JR,6wk,2,2
C0256,KOOS JR,6wk,3,2
C0256,KOOS JR,6wk,4,2
C0256,KOOS JR,6wk,5,2
C0256,KOOS JR,6wk,6,0
C0256,KOOS JR,6wk,7,1
C0256,KOOS JR,3mo,1,0
C0256,KOOS JR,3mo,2,0
C0256,KOOS JR,3mo,3,0
C0256,KOOS JR,3mo,4,0
C0256,KOOS JR,3mo,5,1
C0256,KOOS JR,3mo,6,0
C0256,KOOS JR,3mo,7,0
C0256,KOOS JR,1yr,1,0
C0256,KOOS JR,1yr,2,0
C0256,KOOS JR,1yr,3,0
C0256,KOOS JR,1yr,4,0
C0256,KOOS JR,1yr,5,0
C0256,KOOS JR,1yr,6,0
C0256,KOOS JR,1yr,7,0
C0265,HOOS JR,preop,1,2
C0265,HOOS JR,preop,2,3
C0265,HOOS JR,preop,3,3
C0265,HOOS JR,preop,4,1
C0265,HOOS JR,preop,5,3
C0265,HOOS JR,preop,6,2
C0265,HOOS JR,6wk,1,1
C0265,HOOS JR,6wk,2,1
C0265,HOOS JR,6wk,3,
C0265,HOOS JR,6wk,4,1
C0265,HOOS JR,6wk,5,1
C0265,HOOS JR,6wk,6,1
C0265,HOOS JR,3mo,1,1
C0265,HOOS JR,3mo,2,0
C0265,HOOS JR,3mo,3,2
C0265,HOOS JR,3mo,4,3
C0265,HOOS JR,3mo,5,1
C0265,HOOS JR,3mo,6,1
C0265,HOOS JR,1yr,1,1
C0265,HOOS JR,1yr,2,1
C0265,HOOS JR,1yr,3,2
C0265,HOOS JR,1yr,4,2
C0265,HOOS JR,1yr,5,1
C0265,HOOS JR,1yr,6,1
C0268,HOOS JR,preop,1,3
C0268,HOOS JR,preop,2,2
C0268,HOOS JR,preop,3,3
C0268,HOOS JR,preop,4,3
C0268,HOOS JR,preop,5,2
C0268,HOOS JR,preop,6,2
C0268,HOOS JR,6wk,1,1
C0268,HOOS JR,6wk,2,1
C0268,HOOS JR,6wk,3,1
C0268,HOOS JR,6wk,4,1
C0268,HOOS JR,6wk,5,0
C0268,HOOS JR,6wk,6,1
C0268,HOOS JR,3mo,1,1
C0268,HOOS JR,3mo,2,1
C0268,HOOS JR,3mo,3,0
C0268,HOOS JR,3mo,4,0
C0268,HOOS JR,3mo,5,1
C0268,HOOS JR,3mo,6,0
C0268,HOOS JR,1yr,1,1
C0268,HOOS JR,1yr,2,0
C0268,HOOS JR,1yr,3,2
C0268,HOOS JR,1yr,4,0
C0268,HOOS JR,1yr,5,1
C0268,HOOS JR,1yr,6,1
C0275,HOOS JR,preop,1,2
C0275,HOOS JR,preop,2,2
C0275,HOOS JR,preop,3,2
C0275,HOOS JR,preop,4,3
C0275,HOOS JR,preop,5,3
C0275,HOOS JR,preop,6,3
C0275,HOOS JR,6wk,1,1
C0275,HOOS JR,6wk,2,1
C0275,HOOS JR,6wk,3,1
C0275,HOOS JR,6wk,4,1
C0275,HOOS JR,6wk,5,2
C0275,HOOS JR,6wk,6,1
C0275,HOOS JR,3mo,1,
C0275,HOOS JR,3mo,2,0
C0275,HOOS JR,3mo,3,0
C0275,HOOS JR,3mo,4,0
C0275,HOOS JR,3mo,5,1
C0275,HOOS JR,3mo,6,0
C0275,HOOS JR,1yr,1,1
C0275,HOOS JR,1yr,2,1
C0275,HOOS JR,1yr,3,1
C0275,HOOS JR,1yr,4,1
C0275,HOOS JR,1yr,5,1
C0275,HOOS JR,1yr,6,1
C0281,KOOS JR,preop,1,1
C0281,KOOS JR,preop,2,3
C0281,KOOS JR,preop,3,3
C0281,KOOS JR,preop,4,2
C0281,KOOS JR,preop,5,2
C0281,KOOS JR,preop,6,2
C0281,KOOS JR,preop,7,3
C0281,KOOS JR,6wk,1,
C0281,KOOS JR,6wk,2,
C0281,KOOS JR,6wk,3,
C0281,KOOS JR,6wk,4,
C0281,KOOS JR,6wk,5,
C0281,KOOS JR,6wk,6,
C0281,KOOS JR,6wk,7,
C0281,KOOS JR,3mo,1,
C0281,KOOS JR,3mo,2,
C0281,KOOS JR,3mo,3,
C0281,KOOS JR,3mo,4,
C0281,KOOS JR,3mo,5,
C0281,KOOS JR,3mo,6,
C0281,KOOS JR,3mo,7,
C0281,KOOS JR,1yr,1,1
C0281,KOOS JR,1yr,2,2
C0281,KOOS JR,1yr,3,1
C0281,KOOS JR,1yr,4,
C0281,KOOS JR,1yr,5,2
C0281,KOOS JR,1yr,6,2
C0281,KOOS JR,1yr,7,0
C0284,HOOS JR,preop,1,2
C0284,HOOS JR,preop,2,
C0284,HOOS JR,preop,3,2
C0284,HOOS JR,preop,4,2
C0284,HOOS JR,preop,5,
C0284,HOOS JR,preop,6,2
C0284,HOOS JR,6wk,1,1
C0284,HOOS JR,6wk,2,0
C0284,HOOS JR,6wk,3,1
C0284,HOOS JR,6wk,4,1
C0284,HOOS JR,6wk,5,2
C0284,HOOS JR,6wk,6,1
C0284,HOOS JR,3mo,1,0
C0284,HOOS JR,3mo,2,0
C0284,HOOS JR,3mo,3,0
C0284,HOOS JR,3mo,4,1
C0284,HOOS JR,3mo,5,0
C0284,HOOS JR,3mo,6,1
C0284,HOOS JR,1yr,1,
C0284,HOOS JR,1yr,2,
C0284,HOOS JR,1yr,3,
C0284,HOOS JR,1yr,4,
C0284,HOOS JR,1yr,5,
C0284,HOOS JR,1yr,6,
C0288,HOOS JR,preop,1,3
C0288,HOOS JR,preop,2,3
C0288,HOOS JR,preop,3,4
C0288,HOOS JR,preop,4,3
C0288,HOOS JR,preop,5,3
C0288,HOOS JR,preop,6,4
C0288,HOOS JR,6wk,1,2
C0288,HOOS JR,6wk,2,1
C0288,HOOS JR,6wk,3,2
C0288,HOOS JR,6wk,4,2
C0288,HOOS JR,6wk,5,1
C0288,HOOS JR,6wk,6,1
C0288,HOOS JR,3mo,1,3
C0288,HOOS JR,3mo,2,2
C0288,HOOS JR,3mo,3,2
C0288,HOOS JR,3mo,4,2
C0288,HOOS JR,3mo,5,2
C0288,HOOS JR,3mo,6,2
C0288,HOOS JR,1yr,1,0
C0288,HOOS JR,1yr,2,0
C0288,HOOS JR,1yr,3,1
C0288,HOOS JR,1yr,4,
C0288,HOOS JR,1yr,5,0
C0288,HOOS JR,1yr,6,0
C0292,HOOS JR,preop,1,2
C0292,HOOS JR,preop,2,3
C0292,HOOS JR,preop,3,4
C0292,HOOS JR,preop,4,2
C0292,HOOS JR,preop,5,2
C0292,HOOS JR,preop,6,3
C0292,HOOS JR,6wk,1,1
C0292,HOOS JR,6wk,2,0
C0292,HOOS JR,6wk,3,1
C0292,HOOS JR,6wk,4,1
C0292,HOOS JR,6wk,5,1
C0292,HOOS JR,6wk,6,1
C0292,HOOS JR,3mo,1,1
C0292,HOOS JR,3mo,2,
C0292,HOOS JR,3mo,3,2
C0292,HOOS JR,3mo,4,2
C0292,HOOS JR,3mo,5,2
C0292,HOOS JR,3mo,6,2
C0292,HOOS JR,1yr,1,1
C0292,HOOS JR,1yr,2,1
C0292,HOOS JR,1yr,3,2
C0292,HOOS JR,1yr,4,4
C0292,HOOS JR,1yr,5,2
C0292,HOOS JR,1yr,6,1
C0293,HOOS JR,preop,1,2
C0293,HOOS JR,preop,2,3
C0293,HOOS JR,preop,3,3
C0293,HOOS JR,preop,4,2
C0293,HOOS JR,preop,5,3
C0293,HOOS JR,preop,6,2
C0293,HOOS JR,6wk,1,2
C0293,HOOS JR,6wk,2,2
C0293,HOOS JR,6wk,3,1
C0293,HOOS JR,6wk,4,1
C0293,HOOS JR,6wk,5,1
C0293,HOOS JR,6wk,6,2
C0293,HOOS JR,3mo,1,1
C0293,HOOS JR,3mo,2,2
C0293,HOOS JR,3mo,3,1
C0293,HOOS JR,3mo,4,1
C0293,HOOS JR,3mo,5,2
C0293,HOOS JR,3mo,6,0
C0293,HOOS JR,1yr,1,2
C0293,HOOS JR,1yr,2,1
C0293,HOOS JR,1yr,3,1
C0293,HOOS JR,1yr,4,1
C0293,HOOS JR,1yr,5,0
C0293,HOOS JR,1yr,6,0
C0297,KOOS JR,preop,1,2
C0297,KOOS JR,preop,2,2
C0297,KOOS JR,preop,3,2
C0297,KOOS JR,preop,4,1
C0297,KOOS JR,preop,5,2
C0297,KOOS JR,preop,6,2
C0297,KOOS JR,preop,7,2
C0297,KOOS JR,6wk,1,1
C0297,KOOS JR,6wk,2,1
C0297,KOOS JR,6wk,3,0
C0297,KOOS JR,6wk,4,1
C0297,KOOS JR,6wk,5,2
C0297,KOOS JR,6wk,6,1
C0297,KOOS JR,6wk,7,1
C0297,KOOS JR,3mo,1,0
C0297,KOOS JR,3mo,2,2
C0297,KOOS JR,3mo,3,1
C0297,KOOS JR,3mo,4,1
C0297,KOOS JR,3mo,5,0
C0297,KOOS JR,3mo,6,1
C0297,KOOS JR,3mo,7,1
C0297,KOOS JR,1yr,1,
C0297,KOOS JR,1yr,2,
C0297,KOOS JR,1yr,3,
C0297,KOOS JR,1yr,4,
C0297,KOOS JR,1yr,5,
C0297,KOOS JR,1yr,6,
C0297,KOOS JR,1yr,7,
C0302,KOOS JR,preop,1,2
C0302,KOOS JR,preop,2,
C0302,KOOS JR,preop,3,2
C0302,KOOS JR,preop,4,2
C0302,KOOS JR,preop,5,3
C0302,KOOS JR,preop,6,3
C0302,KOOS JR,preop,7,2
C0302,KOOS JR,6wk,1,2
C0302,KOOS JR,6wk,2,1
C0302,KOOS JR,6wk,3,0
C0302,KOOS JR,6wk,4,2
C0302,KOOS JR,6wk,5,2
C0302,KOOS JR,6wk,6,2
C0302,KOOS JR,6wk,7,3
C0302,KOOS JR,3mo,1,1
C0302,KOOS JR,3mo,2,1
C0302,KOOS JR,3mo,3,0
C0302,KOOS JR,3mo,4,1
C0302,KOOS JR,3mo,5,2
C0302,KOOS JR,3mo,6,1
C0302,KOOS JR,3mo,7,0
C0302,KOOS JR,1yr,1,1
C0302,KOOS JR,1yr,2,0
C0302,KOOS JR,1yr,3,1
C0302,KOOS JR,1yr,4,0
C0302,KOOS JR,1yr,5,0
C0302,KOOS JR,1yr,6,0
C0302,KOOS JR,1yr,7,0
C0306,KOOS JR,preop,1,3
C0306,KOOS JR,preop,2,3
C0306,KOOS JR,preop,3,1
C0306,KOOS JR,preop,4,3
C0306,KOOS JR,preop,5,
C0306,KOOS JR,preop,6,2
C0306,KOOS JR,preop,7,3
C0306,KOOS JR,6wk,1,2
C0306,KOOS JR,6wk,2,2
C0306,KOOS JR,6wk,3,2
C0306,KOOS JR,6wk,4,2
C0306,KOOS JR,6wk,5,2
C0306,KOOS JR,6wk,6,2
C0306,KOOS JR,6wk,7,1
C0306,KOOS JR,3mo,1,3
C0306,KOOS JR,3mo,2,2
C0306,KOOS JR,3mo,3,3
C0306,KOOS JR,3mo,4,3
C0306,KOOS JR,3mo,5,2
C0306,KOOS JR,3mo,6,3
C0306,KOOS JR,3mo,7,1
C0306,KOOS JR,1yr,1,1
C0306,KOOS JR,1yr,2,2
C0306,KOOS JR,1yr,3,2
C0306,KOOS JR,1yr,4,3
C0306,KOOS JR,1yr,5,2
C0306,KOOS JR,1yr,6,3
C0306,KOOS JR,1yr,7,3
C0310,KOOS JR,preop,1,1
C0310,KOOS JR,preop,2,2
C0310,KOOS JR,preop,3,2
C0310,KOOS JR,preop,4,1
C0310,KOOS JR,preop,5,1
C0310,KOOS JR,preop,6,2
C0310,KOOS JR,preop,7,0
C0310,KOOS JR,6wk,1,1
C0310,KOOS JR,6wk,2,2
C0310,KOOS JR,6wk,3,2
C0310,KOOS JR,6wk,4,2
C0310,KOOS JR,6wk,5,2
C0310,KOOS JR,6wk,6,2
C0310,KOOS JR,6wk,7,2
C0310,KOOS JR,3mo,1,2
C0310,KOOS JR,3mo,2,2
C0310,KOOS JR,3mo,3,1
C0310,KOOS JR,3mo,4,1
C0310,KOOS JR,3mo,5,0
C0310,KOOS JR,3mo,6,1
C0310,KOOS JR,3mo,7,0
C0310,KOOS JR,1yr,1,
C0310,KOOS JR,1yr,2,
C0310,KOOS JR,1yr,3,
C0310,KOOS JR,1yr,4,
C0310,KOOS JR,1yr,5,
C0310,KOOS JR,1yr,6,
C0310,KOOS JR,1yr,7,
C0311,KOOS JR,preop,1,2
C0311,KOOS JR,preop,2,2
C0311,KOOS JR,preop,3,2
C0311,KOOS JR,preop,4,2
C0311,KOOS JR,preop,5,2
C0311,KOOS JR,preop,6,2
C0311,KOOS JR,preop,7,2
C0311,KOOS JR,6wk,1,1
C0311,KOOS JR,6wk,2,2
C0311,KOOS JR,6wk,3,1
C0311,KOOS JR,6wk,4,1
C0311,KOOS JR,6wk,5,2
C0311,KOOS JR,6wk,6,1
C0311,KOOS JR,6wk,7,1
C0311,KOOS JR,3mo,1,
C0311,KOOS JR,3mo,2,
C0311,KOOS JR,3mo,3,
C0311,KOOS JR,3mo,4,
C0311,KOOS JR,3mo,5,
C0311,KOOS JR,3mo,6,
C0311,KOOS JR,3mo,7,
C0311,KOOS JR,1yr,1,1
C0311,KOOS JR,1yr,2,1
C0311,KOOS JR,1yr,3,1
C0311,KOOS JR,1yr,4,0
C0311,KOOS JR,1yr,5,0
C0311,KOOS JR,1yr,6,1
C0311,KOOS JR,1yr,7,1
C0312,KOOS JR,preop,1,2
C0312,KOOS JR,preop,2,2
C0312,KOOS JR,preop,3,1
C0312,KOOS JR,preop,4,3
C0312,KOOS JR,preop,5,2
C0312,KOOS JR,preop,6,3
C0312,KOOS JR,preop,7,3
C0312,KOOS JR,6wk,1,
C0312,KOOS JR,6wk,2,
C0312,KOOS JR,6wk,3,
C0312,KOOS JR,6wk,4,
C0312,KOOS JR,6wk,5,
C0312,KOOS JR,6wk,6,
C0312,KOOS JR,6wk,7,
C0312,KOOS JR,3mo,1,1
C0312,KOOS JR,3mo,2,1
C0312,KOOS JR,3mo,3,1
C0312,KOOS JR,3mo,4,1
C0312,KOOS JR,3mo,5,1
C0312,KOOS JR,3mo,6,2
C0312,KOOS JR,3mo,7,0
C0312,KOOS JR,1yr,1,1
C0312,KOOS JR,1yr,2,1
C0312,KOOS JR,1yr,3,2
C0312,KOOS JR,1yr,4,2
C0312,KOOS JR,1yr,5,1
C0312,KOOS JR,1yr,6,1
C0312,KOOS JR,1yr,7,1
C0316,KOOS JR,preop,1,1
C0316,KOOS JR,preop,2,1
C0316,KOOS JR,preop,3,2
C0316,KOOS JR,preop,4,2
C0316,KOOS JR,preop,5,1
C0316,KOOS JR,preop,6,2
C0316,KOOS JR,preop,7,1
C0316,KOOS JR,6wk,1,1
C0316,KOOS JR,6wk,2,1
C0316,KOOS JR,6wk,3,1
C0316,KOOS JR,6wk,4,0
C0316,KOOS JR,6wk,5,0
C0316,KOOS JR,6wk,6,
C0316,KOOS JR,6wk,7,1
C0316,KOOS JR,3mo,1,0
C0316,KOOS JR,3mo,2,1
C0316,KOOS JR,3mo,3,0
C0316,KOOS JR,3mo,4,0
C0316,KOOS JR,3mo,5,1
C0316,KOOS JR,3mo,6,0
C0316,KOOS JR,3mo,7,1
C0316,KOOS JR,1yr,1,0
C0316,KOOS JR,1yr,2,0
C0316,KOOS JR,1yr,3,0
C0316,KOOS JR,1yr,4,0
C0316,KOOS JR,1yr,5,1
C0316,KOOS JR,1yr,6,0
C0316,KOOS JR,1yr,7,0
C0317,KOOS JR,preop,1,2
C0317,KOOS JR,preop,2,0
C0317,KOOS JR,preop,3,1
C0317,KOOS JR,preop,4,1
C0317,KOOS JR,preop,5,2
C0317,KOOS JR,preop,6,1
C0317,KOOS JR,preop,7,3
C0317,KOOS JR,6wk,1,1
C0317,KOOS JR,6wk,2,1
C0317,KOOS JR,6wk,3,2
C0317,KOOS JR,6wk,4,1
C0317,KOOS JR,6wk,5,1
C0317,KOOS JR,6wk,6,0
C0317,KOOS JR,6wk,7,0
C0317,KOOS JR,3mo,1,2
C0317,KOOS JR,3mo,2,0
C0317,KOOS JR,3mo,3,2
C0317,KOOS JR,3mo,4,0
C0317,KOOS JR,3mo,5,2
C0317,KOOS JR,3mo,6,1
C0317,KOOS JR,3mo,7,1
C0317,KOOS JR,1yr,1,0
C0317,KOOS JR,1yr,2,1
C0317,KOOS JR,1yr,3,0
C0317,KOOS JR,1yr,4,2
C0317,KOOS JR,1yr,5,2
C0317,KOOS JR,1yr,6,2
C0317,KOOS JR,1yr,7,1
C0322,HOOS JR,preop,1,0
C0322,HOOS JR,preop,2,1
C0322,HOOS JR,preop,3,1
C0322,HOOS JR,preop,4,1
C0322,HOOS JR,preop,5,1
C0322,HOOS JR,preop,6,1
C0322,HOOS JR,6wk,1,0
C0322,HOOS JR,6wk,2,1
C0322,HOOS JR,6wk,3,1
C0322,HOOS JR,6wk,4,0
C0322,HOOS JR,6wk,5,1
C0322,HOOS JR,6wk,6,1
C0322,HOOS JR,3mo,1,1
C0322,HOOS JR,3mo,2,0
C0322,HOOS JR,3mo,3,0
C0322,HOOS JR,3mo,4,0
C0322,HOOS JR,3mo,5,0
C0322,HOOS JR,3mo,6,0
C0322,HOOS JR,1yr,1,
C0322,HOOS JR,1yr,2,
C0322,HOOS JR,1yr,3,
C0322,HOOS JR,1yr,4,
C0322,HOOS JR,1yr,5,
C0322,HOOS JR,1yr,6,
C0323,KOOS JR,preop,1,2
C0323,KOOS JR,preop,2,
C0323,KOOS JR,preop,3,2
C0323,KOOS JR,preop,4,1
C0323,KOOS JR,preop,5,2
C0323,KOOS JR,preop,6,2
C0323,KOOS JR,preop,7,2
C0323,KOOS JR,6wk,1,1
C0323,KOOS JR,6wk,2,2
C0323,KOOS JR,6wk,3,2
C0323,KOOS JR,6wk,4,1
C0323,KOOS JR,6wk,5,1
C0323,KOOS JR,6wk,6,1
C0323,KOOS JR,6wk,7,1
C0323,KOOS JR,3mo,1,
C0323,KOOS JR,3mo,2,
C0323,KOOS JR,3mo,3,
C0323,KOOS JR,3mo,4,
C0323,KOOS JR,3mo,5,
C0323,KOOS JR,3mo,6,
C0323,KOOS JR,3mo,7,
C0323,KOOS JR,1yr,1,1
C0323,KOOS JR,1yr,2,1
C0323,KOOS JR,1yr,3,0
C0323,KOOS JR,1yr,4,1
C0323,KOOS JR,1yr,5,1
C0323,KOOS JR,1yr,6,0
C0323,KOOS JR,1yr,7,0
C0324,HOOS JR,preop,1,2
C0324,HOOS JR,preop,2,2
C0324,HOOS JR,preop,3,2
C0324,HOOS JR,preop,4,2
C0324,HOOS JR,preop,5,2
C0324,HOOS JR,preop,6,3
C0324,HOOS JR,6wk,1,1
C0324,HOOS JR,6wk,2,1
C0324,HOOS JR,6wk,3,0
C0324,HOOS JR,6wk,4,0
C0324,HOOS JR,6wk,5,1
C0324,HOOS JR,6wk,6,1
C0324,HOOS JR,3mo,1,1
C0324,HOOS JR,3mo,2,1
C0324,HOOS JR,3mo,3,0
C0324,HOOS JR,3mo,4,1
C0324,HOOS JR,3mo,5,1
C0324,HOOS JR,3mo,6,1
C0324,HOOS JR,1yr,1,0
C0324,HOOS JR,1yr,2,0
C0324,HOOS JR,1yr,3,0
C0324,HOOS JR,1yr,4,0
C0324,HOOS JR,1yr,5,1
C0324,HOOS JR,1yr,6,0
C0328,HOOS JR,preop,1,2
C0328,HOOS JR,preop,2,3
C0328,HOOS JR,preop,3,3
C0328,HOOS JR,preop,4,2
C0328,HOOS JR,preop,5,2
C0328,HOOS JR,preop,6,2
C0328,HOOS JR,6wk,1,1
C0328,HOOS JR,6wk,2,1
C0328,HOOS JR,6wk,3,2
C0328,HOOS JR,6wk,4,1
C0328,HOOS JR,6wk,5,2
C0328,HOOS JR,6wk,6,1
C0328,HOOS JR,3mo,1,1
C0328,HOOS JR,3mo,2,1
C0328,HOOS JR,3mo,3,0
C0328,HOOS JR,3mo,4,0
C0328,HOOS JR,3mo,5,1
C0328,HOOS JR,3mo,6,1
C0328,HOOS JR,1yr,1,
C0328,HOOS JR,1yr,2,1
C0328,HOOS JR,1yr,3,0
C0328,HOOS JR,1yr,4,1
C0328,HOOS JR,1yr,5,1
C0328,HOOS JR,1yr,6,0
C0340,HOOS JR,preop,1,2
C0340,HOOS JR,preop,2,3
C0340,HOOS JR,preop,3,3
C0340,HOOS JR,preop,4,2
C0340,HOOS JR,preop,5,2
C0340,HOOS JR,preop,6,2
C0340,HOOS JR,6wk,1,2
C0340,HOOS JR,6wk,2,3
C0340,HOOS JR,6wk,3,1
C0340,HOOS JR,6wk,4,3
C0340,HOOS JR,6wk,5,2
C0340,HOOS JR,6wk,6,2
C0340,HOOS JR,3mo,1,1
C0340,HOOS JR,3mo,2,1
C0340,HOOS JR,3mo,3,1
C0340,HOOS JR,3mo,4,1
C0340,HOOS JR,3mo,5,2
C0340,HOOS JR,3mo,6,1
C0340,HOOS JR,1yr,1,0
C0340,HOOS JR,1yr,2,1
C0340,HOOS JR,1yr,3,0
C0340,HOOS JR,1yr,4,1
C0340,HOOS JR,1yr,5,1
C0340,HOOS JR,1yr,6,1
C0346,KOOS JR,preop,1,
C0346,KOOS JR,preop,2,
C0346,KOOS JR,preop,3,
C0346,KOOS JR,preop,4,
C0346,KOOS JR,preop,5,
C0346,KOOS JR,preop,6,
C0346,KOOS JR,preop,7,
C0346,KOOS JR,6wk,1,3
C0346,KOOS JR,6wk,2,3
C0346,KOOS JR,6wk,3,1
C0346,KOOS JR,6wk,4,2
C0346,KOOS JR,6wk,5,1
C0346,KOOS JR,6wk,6,3
C0346,KOOS JR,6wk,7,3
C0346,KOOS JR,3mo,1,3
C0346,KOOS JR,3mo,2,1
C0346,KOOS JR,3mo,3,2
C0346,KOOS JR,3mo,4,1
C0346,KOOS JR,3mo,5,3
C0346,KOOS JR,3mo,6,1
C0346,KOOS JR,3mo,7,3
C0346,KOOS JR,1yr,1,3
C0346,KOOS JR,1yr,2,2
C0346,KOOS JR,1yr,3,3
C0346,KOOS JR,1yr,4,3
C0346,KOOS JR,1yr,5,2
C0346,KOOS JR,1yr,6,2
C0346,KOOS JR,1yr,7,3
C0348,KOOS JR,preop,1,
C0348,KOOS JR,preop,2,
C0348,KOOS JR,preop,3,
C0348,KOOS JR,preop,4,
C0348,KOOS JR,preop,5,
C0348,KOOS JR,preop,6,
C0348,KOOS JR,preop,7,
C0348,KOOS JR,6wk,1,1
C0348,KOOS JR,6wk,2,1
C0348,KOOS JR,6wk,3,1
C0348,KOOS JR,6wk,4,2
C0348,KOOS JR,6wk,5,1
C0348,KOOS JR,6wk,6,
C0348,KOOS JR,6wk,7,2
C0348,KOOS JR,3mo,1,0
C0348,KOOS JR,3mo,2,0
C0348,KOOS JR,3mo,3,1
C0348,KOOS JR,3mo,4,1
C0348,KOOS JR,3mo,5,2
C0348,KOOS JR,3mo,6,0
C0348,KOOS JR,3mo,7,2
C0348,KOOS JR,1yr,1,0
C0348,KOOS JR,1yr,2,0
C0348,KOOS JR,1yr,3,0
C0348,KOOS JR,1yr,4,0
C0348,KOOS JR,1yr,5,0
C0348,KOOS JR,1yr,6,1
C0348,KOOS JR,1yr,7,0
C0353,HOOS JR,preop,1,1
C0353,HOOS JR,preop,2,2
C0353,HOOS JR,preop,3,1
C0353,HOOS JR,preop,4,2
C0353,HOOS JR,preop,5,1
C0353,HOOS JR,preop,6,1
C0353,HOOS JR,6wk,1,1
C0353,HOOS JR,6wk,2,0
C0353,HOOS JR,6wk,3,2
C0353,HOOS JR,6wk,4,1
C0353,HOOS JR,6wk,5,2
C0353,HOOS JR,6wk,6,2
C0353,HOOS JR,3mo,1,0
C0353,HOOS JR,3mo,2,1
C0353,HOOS JR,3mo,3,1
C0353,HOOS JR,3mo,4,0
C0353,HOOS JR,3mo,5,1
C0353,HOOS JR,3mo,6,0
C0353,HOOS JR,1yr,1,0
C0353,HOOS JR,1yr,2,0
C0353,HOOS JR,1yr,3,0
C0353,HOOS JR,1yr,4,0
C0353,HOOS JR,1yr,5,0
C0353,HOOS JR,1yr,6,1
C0357,KOOS JR,preop,1,1
C0357,KOOS JR,preop,2,2
C0357,KOOS JR,preop,3,1
C0357,KOOS JR,preop,4,1
C0357,KOOS JR,preop,5,3
C0357,KOOS JR,preop,6,1
C0357,KOOS JR,preop,7,2
C0357,KOOS JR,6wk,1,3
C0357,KOOS JR,6wk,2,2
C0357,KOOS JR,6wk,3,2
C0357,KOOS JR,6wk,4,1
C0357,KOOS JR,6wk,5,2
C0357,KOOS JR,6wk,6,1
C0357,KOOS JR,6wk,7,1
C0357,KOOS JR,3mo,1,1
C0357,KOOS JR,3mo,2,0
C0357,KOOS JR,3mo,3,0
C0357,KOOS JR,3mo,4,0
C0357,KOOS JR,3mo,5,1
C0357,KOOS JR,3mo,6,0
C0357,KOOS JR,3mo,7,1
C0357,KOOS JR,1yr,1,0
C0357,KOOS JR,1yr,2,1
C0357,KOOS JR,1yr,3,0
C0357,KOOS JR,1yr,4,
C0357,KOOS JR,1yr,5,0
C0357,KOOS JR,1yr,6,0
C0357,KOOS JR,1yr,7,2
C0361,KOOS JR,preop,1,
C0361,KOOS JR,preop,2,
C0361,KOOS JR,preop,3,
C0361,KOOS JR,preop,4,
C0361,KOOS JR,preop,5,
C0361,KOOS JR,preop,6,
C0361,KOOS JR,preop,7,
C0361,KOOS JR,6wk,1,2
C0361,KOOS JR,6wk,2,2
C0361,KOOS JR,6wk,3,2
C0361,KOOS JR,6wk,4,2
C0361,KOOS JR,6wk,5,1
C0361,KOOS JR,6wk,6,
C0361,KOOS JR,6wk,7,2
C0361,KOOS JR,3mo,1,1
C0361,KOOS JR,3mo,2,0
C0361,KOOS JR,3mo,3,1
C0361,KOOS JR,3mo,4,1
C0361,KOOS JR,3mo,5,2
C0361,KOOS JR,3mo,6,0
C0361,KOOS JR,3mo,7,2
C0361,KOOS JR,1yr,1,2
C0361,KOOS JR,1yr,2,1
C0361,KOOS JR,1yr,3,1
C0361,KOOS JR,1yr,4,1
C0361,KOOS JR,1yr,5,2
C0361,KOOS JR,1yr,6,1
C0361,KOOS JR,1yr,7,2
C0372,KOOS JR,preop,1,3
C0372,KOOS JR,preop,2,2
C0372,KOOS JR,preop,3,2
C0372,KOOS JR,preop,4,2
C0372,KOOS JR,preop,5,0
C0372,KOOS JR,preop,6,1
C0372,KOOS JR,preop,7,2
C0372,KOOS JR,6wk,1,1
C0372,KOOS JR,6wk,2,1
C0372,KOOS JR,6wk,3,
C0372,KOOS JR,6wk,4,2
C0372,KOOS JR,6wk,5,3
C0372,KOOS JR,6wk,6,2
C0372,KOOS JR,6wk,7,0
C0372,KOOS JR,3mo,1,0
C0372,KOOS JR,3mo,2,2
C0372,KOOS JR,3mo,3,2
C0372,KOOS JR,3mo,4,2
C0372,KOOS JR,3mo,5,1
C0372,KOOS JR,3mo,6,1
C0372,KOOS JR,3mo,7,1
C0372,KOOS JR,1yr,1,
C0372,KOOS JR,1yr,2,
C0372,KOOS JR,1yr,3,
C0372,KOOS JR,1yr,4,
C0372,KOOS JR,1yr,5,
C0372,KOOS JR,1yr,6,
C0372,KOOS JR,1yr,7,
C0382,HOOS JR,preop,1,1
C0382,HOOS JR,preop,2,2
C0382,HOOS JR,preop,3,2
C0382,HOOS JR,preop,4,3
C0382,HOOS JR,preop,5,3
C0382,HOOS JR,preop,6,2
C0382,HOOS JR,6wk,1,2
C0382,HOOS JR,6wk,2,1
C0382,HOOS JR,6wk,3,1
C0382,HOOS JR,6wk,4,2
C0382,HOOS JR,6wk,5,2
C0382,HOOS JR,6wk,6,2
C0382,HOOS JR,3mo,1,1
C0382,HOOS JR,3mo,2,1
C0382,HOOS JR,3mo,3,1
C0382,HOOS JR,3mo,4,0
C0382,HOOS JR,3mo,5,0
C0382,HOOS JR,3mo,6,0
C0382,HOOS JR,1yr,1,1
C0382,HOOS JR,1yr,2,1
C0382,HOOS JR,1yr,3,1
C0382,HOOS JR,1yr,4,0
C0382,HOOS JR,1yr,5,1
C0382,HOOS JR,1yr,6,0
C0383,KOOS JR,preop,1,2
C0383,KOOS JR,preop,2,1
C0383,KOOS JR,preop,3,1
C0383,KOOS JR,preop,4,2
C0383,KOOS JR,preop,5,1
C0383,KOOS JR,preop,6,3
C0383,KOOS JR,preop,7,1
C0383,KOOS JR,6wk,1,1
C0383,KOOS JR,6wk,2,1
C0383,KOOS JR,6wk,3,0
C0383,KOOS JR,6wk,4,1
C0383,KOOS JR,6wk,5,2
C0383,KOOS JR,6wk,6,1
C0383,KOOS JR,6wk,7,1
C0383,KOOS JR,3mo,1,
C0383,KOOS JR,3mo,2,
C0383,KOOS JR,3mo,3,
C0383,KOOS JR,3mo,4,
C0383,KOOS JR,3mo,5,
C0383,KOOS JR,3mo,6,
C0383,KOOS JR,3mo,7,
C0383,KOOS JR,1yr,1,0
C0383,KOOS JR,1yr,2,2
C0383,KOOS JR,1yr,3,2
C0383,KOOS JR,1yr,4,0
C0383,KOOS JR,1yr,5,0
C0383,KOOS JR,1yr,6,0
C0383,KOOS JR,1yr,7,1
C0386,HOOS JR,preop,1,2
C0386,HOOS JR,preop,2,2
C0386,HOOS JR,preop,3,3
C0386,HOOS JR,preop,4,3
C0386,HOOS JR,preop,5,3
C0386,HOOS JR,preop,6,2
C0386,HOOS JR,6wk,1,3
C0386,HOOS JR,6wk,2,1
C0386,HOOS JR,6wk,3,2
C0386,HOOS JR,6wk,4,1
C0386,HOOS JR,6wk,5,2
C0386,HOOS JR,6wk,6,2
C0386,HOOS JR,3mo,1,1
C0386,HOOS JR,3mo,2,0
C0386,HOOS JR,3mo,3,0
C0386,HOOS JR,3mo,4,0
C0386,HOOS JR,3mo,5,0
C0386,HOOS JR,3mo,6,0
C0386,HOOS JR,1yr,1,0
C0386,HOOS JR,1yr,2,1
C0386,HOOS JR,1yr,3,1
C0386,HOOS JR,1yr,4,0
C0386,HOOS JR,1yr,5,0
C0386,HOOS JR,1yr,6,0
C0387,KOOS JR,preop,1,1
C0387,KOOS JR,preop,2,2
C0387,KOOS JR,preop,3,2
C0387,KOOS JR,preop,4,1
C0387,KOOS JR,preop,5,1
C0387,KOOS JR,preop,6,1
C0387,KOOS JR,preop,7,1
C0387,KOOS JR,6wk,1,2
C0387,KOOS JR,6wk,2,2
C0387,KOOS JR,6wk,3,1
C0387,KOOS JR,6wk,4,2
C0387,KOOS JR,6wk,5,1
C0387,KOOS JR,6wk,6,1
C0387,KOOS JR,6wk,7,1
C0387,KOOS JR,3mo,1,0
C0387,KOOS JR,3mo,2,0
C0387,KOOS JR,3mo,3,0
C0387,KOOS JR,3mo,4,0
C0387,KOOS JR,3mo,5,0
C0387,KOOS JR,3mo,6,0
C0387,KOOS JR,3mo,7,0
C0387,KOOS JR,1yr,1,0
C0387,KOOS JR,1yr,2,
C0387,KOOS JR,1yr,3,0
C0387,KOOS JR,1yr,4,0
C0387,KOOS JR,1yr,5,0
C0387,KOOS JR,1yr,6,0
C0387,KOOS JR,1yr,7,0
C0388,HOOS JR,preop,1,1
C0388,HOOS JR,preop,2,1
C0388,HOOS JR,preop,3,1
C0388,HOOS JR,preop,4,1
C0388,HOOS JR,preop,5,1
C0388,HOOS JR,preop,6,0
C0388,HOOS JR,6wk,1,1
C0388,HOOS JR,6wk,2,1
C0388,HOOS JR,6wk,3,1
C0388,HOOS JR,6wk,4,1
C0388,HOOS JR,6wk,5,0
C0388,HOOS JR,6wk,6,2
C0388,HOOS JR,3mo,1,
C0388,HOOS JR,3mo,2,
C0388,HOOS JR,3mo,3,
C0388,HOOS JR,3mo,4,
C0388,HOOS JR,3mo,5,
C0388,HOOS JR,3mo,6,
C0388,HOOS JR,1yr,1,
C0388,HOOS JR,1yr,2,
C0388,HOOS JR,1yr,3,
C0388,HOOS JR,1yr,4,
C0388,HOOS JR,1yr,5,
C0388,HOOS JR,1yr,6,
C0391,KOOS JR,preop,1,
C0391,KOOS JR,preop,2,2
C0391,KOOS JR,preop,3,3
C0391,KOOS JR,preop,4,2
C0391,KOOS JR,preop,5,2
C0391,KOOS JR,preop,6,2
C0391,KOOS JR,preop,7,2
C0391,KOOS JR,6wk,1,2
C0391,KOOS JR,6wk,2,1
C0391,KOOS JR,6wk,3,2
C0391,KOOS JR,6wk,4,1
C0391,KOOS JR,6wk,5,1
C0391,KOOS JR,6wk,6,2
C0391,KOOS JR,6wk,7,1
C0391,KOOS JR,3mo,1,1
C0391,KOOS JR,3mo,2,1
C0391,KOOS JR,3mo,3,1
C0391,KOOS JR,3mo,4,1
C0391,KOOS JR,3mo,5,0
C0391,KOOS JR,3mo,6,2
C0391,KOOS JR,3mo,7,1
C0391,KOOS JR,1yr,1,1
C0391,KOOS JR,1yr,2,1
C0391,KOOS JR,1yr,3,2
C0391,KOOS JR,1yr,4,2
C0391,KOOS JR,1yr,5,
C0391,KOOS JR,1yr,6,2
C0391,KOOS JR,1yr,7,0
C0405,HOOS JR,preop,1,2
C0405,HOOS JR,preop,2,2
C0405,HOOS JR,preop,3,3
C0405,HOOS JR,preop,4,3
C0405,HOOS JR,preop,5,3
C0405,HOOS JR,preop,6,4
C0405,HOOS JR,6wk,1,
C0405,HOOS JR,6wk,2,
C0405,HOOS JR,6wk,3,
C0405,HOOS JR,6wk,4,
C0405,HOOS JR,6wk,5,
C0405,HOOS JR,6wk,6,
C0405,HOOS JR,3mo,1,1
C0405,HOOS JR,3mo,2,0
C0405,HOOS JR,3mo,3,1
C0405,HOOS JR,3mo,4,1
C0405,HOOS JR,3mo,5,1
C0405,HOOS JR,3mo,6,1
C0405,HOOS JR,1yr,1,1
C0405,HOOS JR,1yr,2,1
C0405,HOOS JR,1yr,3,2
C0405,HOOS JR,1yr,4,1
C0405,HOOS JR,1yr,5,1
C0405,HOOS JR,1yr,6,1
C0406,HOOS JR,preop,1,2
C0406,HOOS JR,preop,2,2
C0406,HOOS JR,preop,3,2
C0406,HOOS JR,preop,4,3
C0406,HOOS JR,preop,5,2
C0406,HOOS JR,preop,6,
C0406,HOOS JR,6wk,1,1
C0406,HOOS JR,6wk,2,2
C0406,HOOS JR,6wk,3,0
C0406,HOOS JR,6wk,4,2
C0406,HOOS JR,6wk,5,2
C0406,HOOS JR,6wk,6,0
C0406,HOOS JR,3mo,1,1
C0406,HOOS JR,3mo,2,1
C0406,HOOS JR,3mo,3,1
C0406,HOOS JR,3mo,4,1
C0406,HOOS JR,3mo,5,1
C0406,HOOS JR,3mo,6,1
C0406,HOOS JR,1yr,1,0
C0406,HOOS JR,1yr,2,0
C0406,HOOS JR,1yr,3,0
C0406,HOOS JR,1yr,4,0
C0406,HOOS JR,1yr,5,0
C0406,HOOS JR,1yr,6,2
C0409,KOOS JR,preop,1,1
C0409,KOOS JR,preop,2,1
C0409,KOOS JR,preop,3,1
C0409,KOOS JR,preop,4,2
C0409,KOOS JR,preop,5,2
C0409,KOOS JR,preop,6,0
C0409,KOOS JR,preop,7,1
C0409,KOOS JR,6wk,1,2
C0409,KOOS JR,6wk,2,0
C0409,KOOS JR,6wk,3,0
C0409,KOOS JR,6wk,4,1
C0409,KOOS JR,6wk,5,0
C0409,KOOS JR,6wk,6,0
C0409,KOOS JR,6wk,7,2
C0409,KOOS JR,3mo,1,1
C0409,KOOS JR,3mo,2,0
C0409,KOOS JR,3mo,3,0
C0409,KOOS JR,3mo,4,1
C0409,KOOS JR,3mo,5,1
C0409,KOOS JR,3mo,6,1
C0409,KOOS JR,3mo,7,2
C0409,KOOS JR,1yr,1,
C0409,KOOS JR,1yr,2,
C0409,KOOS JR,1yr,3,
C0409,KOOS JR,1yr,4,
C0409,KOOS JR,1yr,5,
C0409,KOOS JR,1yr,6,
C0409,KOOS JR,1yr,7,
C0412,KOOS JR,preop,1,3
C0412,KOOS JR,preop,2,2
C0412,KOOS JR,preop,3,3
C0412,KOOS JR,preop,4,3
C0412,KOOS JR,preop,5,2
C0412,KOOS JR,preop,6,3
C0412,KOOS JR,preop,7,4
C0412,KOOS JR,6wk,1,2
C0412,KOOS JR,6wk,2,3
C0412,KOOS JR,6wk,3,3
C0412,KOOS JR,6wk,4,3
C0412,KOOS JR,6wk,5,3
C0412,KOOS JR,6wk,6,4
C0412,KOOS JR,6wk,7,3
C0412,KOOS JR,3mo,1,1
C0412,KOOS JR,3mo,2,2
C0412,KOOS JR,3mo,3,
C0412,KOOS JR,3mo,4,2
C0412,KOOS JR,3mo,5,1
C0412,KOOS JR,3mo,6,2
C0412,KOOS JR,3mo,7,0
C0412,KOOS JR,1yr,1,0
C0412,KOOS JR,1yr,2,0
C0412,KOOS JR,1yr,3,0
C0412,KOOS JR,1yr,4,1
C0412,KOOS JR,1yr,5,0
C0412,KOOS JR,1yr,6,0
C0412,KOOS JR,1yr,7,1
C0416,HOOS JR,preop,1,2
C0416,HOOS JR,preop,2,3
C0416,HOOS JR,preop,3,2
C0416,HOOS JR,preop,4,2
C0416,HOOS JR,preop,5,3
C0416,HOOS JR,preop,6,3
C0416,HOOS JR,6wk,1,1
C0416,HOOS JR,6wk,2,3
C0416,HOOS JR,6wk,3,1
C0416,HOOS JR,6wk,4,2
C0416,HOOS JR,6wk,5,1
C0416,HOOS JR,6wk,6,2
C0416,HOOS JR,3mo,1,1
C0416,HOOS JR,3mo,2,2
C0416,HOOS JR,3mo,3,3
C0416,HOOS JR,3mo,4,1
C0416,HOOS JR,3mo,5,2
C0416,HOOS JR,3mo,6,2
C0416,HOOS JR,1yr,1,0
C0416,HOOS JR,1yr,2,0
C0416,HOOS JR,1yr,3,0
C0416,HOOS JR,1yr,4,0
C0416,HOOS JR,1yr,5,1
C0416,HOOS JR,1yr,6,0
C0420,KOOS JR,preop,1,2
C0420,KOOS JR,preop,2,1
C0420,KOOS JR,preop,3,1
C0420,KOOS JR,preop,4,2
C0420,KOOS JR,preop,5,2
C0420,KOOS JR,preop,6,1
C0420,KOOS JR,preop,7,2
C0420,KOOS JR,6wk,1,1
C0420,KOOS JR,6wk,2,2
C0420,KOOS JR,6wk,3,1
C0420,KOOS JR,6wk,4,1
C0420,KOOS JR,6wk,5,2
C0420,KOOS JR,6wk,6,1
C0420,KOOS JR,6wk,7,2
C0420,KOOS JR,3mo,1,1
C0420,KOOS JR,3mo,2,1
C0420,KOOS JR,3mo,3,1
C0420,KOOS JR,3mo,4,
C0420,KOOS JR,3mo,5,2
C0420,KOOS JR,3mo,6,1
C0420,KOOS JR,3mo,7,1
C0420,KOOS JR,1yr,1,1
C0420,KOOS JR,1yr,2,1
C0420,KOOS JR,1yr,3,1
C0420,KOOS JR,1yr,4,1
C0420,KOOS JR,1yr,5,1
C0420,KOOS JR,1yr,6,0
C0420,KOOS JR,1yr,7,
C0424,KOOS JR,preop,1,2
C0424,KOOS JR,preop,2,2
C0424,KOOS JR,preop,3,2
C0424,KOOS JR,preop,4,3
C0424,KOOS JR,preop,5,2
C0424,KOOS JR,preop,6,1
C0424,KOOS JR,preop,7,2
C0424,KOOS JR,6wk,1,1
C0424,KOOS JR,6wk,2,1
C0424,KOOS JR,6wk,3,1
C0424,KOOS JR,6wk,4,1
C0424,KOOS JR,6wk,5,1
C0424,KOOS JR,6wk,6,1
C0424,KOOS JR,6wk,7,1
C0424,KOOS JR,3mo,1,3
C0424,KOOS JR,3mo,2,1
C0424,KOOS JR,3mo,3,2
C0424,KOOS JR,3mo,4,2
C0424,KOOS JR,3mo,5,1
C0424,KOOS JR,3mo,6,1
C0424,KOOS JR,3mo,7,1
C0424,KOOS JR,1yr,1,1
C0424,KOOS JR,1yr,2,2
C0424,KOOS JR,1yr,3,1
C0424,KOOS JR,1yr,4,0
C0424,KOOS JR,1yr,5,0
C0424,KOOS JR,1yr,6,0
C0424,KOOS JR,1yr,7,3
C0427,HOOS JR,preop,1,4
C0427,HOOS JR,preop,2,2
C0427,HOOS JR,preop,3,3
C0427,HOOS JR,preop,4,2
C0427,HOOS JR,preop,5,2
C0427,HOOS JR,preop,6,3
C0427,HOOS JR,6wk,1,0
C0427,HOOS JR,6wk,2,
C0427,HOOS JR,6wk,3,1
C0427,HOOS JR,6wk,4,1
C0427,HOOS JR,6wk,5,1
C0427,HOOS JR,6wk,6,1
C0427,HOOS JR,3mo,1,0
C0427,HOOS JR,3mo,2,1
C0427,HOOS JR,3mo,3,3
C0427,HOOS JR,3mo,4,1
C0427,HOOS JR,3mo,5,0
C0427,HOOS JR,3mo,6,1
C0427,HOOS JR,1yr,1,0
C0427,HOOS JR,1yr,2,
C0427,HOOS JR,1yr,3,1
C0427,HOOS JR,1yr,4,0
C0427,HOOS JR,1yr,5,1
C0427,HOOS JR,1yr,6,0
C0433,HOOS JR,preop,1,2
C0433,HOOS JR,preop,2,3
C0433,HOOS JR,preop,3,
C0433,HOOS JR,preop,4,2
C0433,HOOS JR,preop,5,1
C0433,HOOS JR,preop,6,3
C0433,HOOS JR,6wk,1,1
C0433,HOOS JR,6wk,2,1
C0433,HOOS JR,6wk,3,1
C0433,HOOS JR,6wk,4,0
C0433,HOOS JR,6wk,5,0
C0433,HOOS JR,6wk,6,2
C0433,HOOS JR,3mo,1,0
C0433,HOOS JR,3mo,2,1
C0433,HOOS JR,3mo,3,0
C0433,HOOS JR,3mo,4,0
C0433,HOOS JR,3mo,5,0
C0433,HOOS JR,3mo,6,1
C0433,HOOS JR,1yr,1,1
C0433,HOOS JR,1yr,2,0
C0433,HOOS JR,1yr,3,0
C0433,HOOS JR,1yr,4,0
C0433,HOOS JR,1yr,5,1
C0433,HOOS JR,1yr,6,2
C0434,KOOS JR,preop,1,1
C0434,KOOS JR,preop,2,2
C0434,KOOS JR,preop,3,2
C0434,KOOS JR,preop,4,2
C0434,KOOS JR,preop,5,2
C0434,KOOS JR,preop,6,1
C0434,KOOS JR,preop,7,1
C0434,KOOS JR,6wk,1,2
C0434,KOOS JR,6wk,2,2
C0434,KOOS JR,6wk,3,2
C0434,KOOS JR,6wk,4,3
C0434,KOOS JR,6wk,5,1
C0434,KOOS JR,6wk,6,2
C0434,KOOS JR,6wk,7,2
C0434,KOOS JR,3mo,1,2
C0434,KOOS JR,3mo,2,1
C0434,KOOS JR,3mo,3,1
C0434,KOOS JR,3mo,4,1
C0434,KOOS JR,3mo,5,0
C0434,KOOS JR,3mo,6,1
C0434,KOOS JR,3mo,7,0
C0434,KOOS JR,1yr,1,0
C0434,KOOS JR,1yr,2,0
C0434,KOOS JR,1yr,3,0
C0434,KOOS JR,1yr,4,1
C0434,KOOS JR,1yr,5,1
C0434,KOOS JR,1yr,6,1
C0434,KOOS JR,1yr,7,1
C0435,HOOS JR,preop,1,
C0435,HOOS JR,preop,2,
C0435,HOOS JR,preop,3,
C0435,HOOS JR,preop,4,
C0435,HOOS JR,preop,5,
C0435,HOOS JR,preop,6,
C0435,HOOS JR,6wk,1,1
C0435,HOOS JR,6wk,2,2
C0435,HOOS JR,6wk,3,2
C0435,HOOS JR,6wk,4,2
C0435,HOOS JR,6wk,5,3
C0435,HOOS JR,6wk,6,
C0435,HOOS JR,3mo,1,
C0435,HOOS JR,3mo,2,
C0435,HOOS JR,3mo,3,
C0435,HOOS JR,3mo,4,
C0435,HOOS JR,3mo,5,
C0435,HOOS JR,3mo,6,
C0435,HOOS JR,1yr,1,
C0435,HOOS JR,1yr,2,
C0435,HOOS JR,1yr,3,
C0435,HOOS JR,1yr,4,
C0435,HOOS JR,1yr,5,
C0435,HOOS JR,1yr,6,
C0437,KOOS JR,preop,1,
C0437,KOOS JR,preop,2,2
C0437,KOOS JR,preop,3,2
C0437,KOOS JR,preop,4,3
C0437,KOOS JR,preop,5,3
C0437,KOOS JR,preop,6,1
C0437,KOOS JR,preop,7,2
C0437,KOOS JR,6wk,1,
C0437,KOOS JR,6wk,2,3
C0437,KOOS JR,6wk,3,3
C0437,KOOS JR,6wk,4,2
C0437,KOOS JR,6wk,5,3
C0437,KOOS JR,6wk,6,2
C0437,KOOS JR,6wk,7,2
C0437,KOOS JR,3mo,1,1
C0437,KOOS JR,3mo,2,2
C0437,KOOS JR,3mo,3,1
C0437,KOOS JR,3mo,4,1
C0437,KOOS JR,3mo,5,2
C0437,KOOS JR,3mo,6,1
C0437,KOOS JR,3mo,7,2
C0437,KOOS JR,1yr,1,2
C0437,KOOS JR,1yr,2,1
C0437,KOOS JR,1yr,3,1
C0437,KOOS JR,1yr,4,1
C0437,KOOS JR,1yr,5,1
C0437,KOOS JR,1yr,6,2
C0437,KOOS JR,1yr,7,
C0440,HOOS JR,preop,1,2
C0440,HOOS JR,preop,2,3
C0440,HOOS JR,preop,3,2
C0440,HOOS JR,preop,4,2
C0440,HOOS JR,preop,5,1
C0440,HOOS JR,preop,6,2
C0440,HOOS JR,6wk,1,1
C0440,HOOS JR,6wk,2,0
C0440,HOOS JR,6wk,3,2
C0440,HOOS JR,6wk,4,1
C0440,HOOS JR,6wk,5,2
C0440,HOOS JR,6wk,6,0
C0440,HOOS JR,3mo,1,1
C0440,HOOS JR,3mo,2,0
C0440,HOOS JR,3mo,3,1
C0440,HOOS JR,3mo,4,0
C0440,HOOS JR,3mo,5,0
C0440,HOOS JR,3mo,6,1
C0440,HOOS JR,1yr,1,1
C0440,HOOS JR,1yr,2,0
C0440,HOOS JR,1yr,3,0
C0440,HOOS JR,1yr,4,0
C0440,HOOS JR,1yr,5,1
C0440,HOOS JR,1yr,6,1
C0443,KOOS JR,preop,1,2
C0443,KOOS JR,preop,2,2
C0443,KOOS JR,preop,3,2
C0443,KOOS JR,preop,4,3
C0443,KOOS JR,preop,5,2
C0443,KOOS JR,preop,6,3
C0443,KOOS JR,preop,7,2
C0443,KOOS JR,6wk,1,1
C0443,KOOS JR,6wk,2,1
C0443,KOOS JR,6wk,3,1
C0443,KOOS JR,6wk,4,2
C0443,KOOS JR,6wk,5,2
C0443,KOOS JR,6wk,6,1
C0443,KOOS JR,6wk,7,1
C0443,KOOS JR,3mo,1,1
C0443,KOOS JR,3mo,2,1
C0443,KOOS JR,3mo,3,0
C0443,KOOS JR,3mo,4,1
C0443,KOOS JR,3mo,5,1
C0443,KOOS JR,3mo,6,2
C0443,KOOS JR,3mo,7,1
C0443,KOOS JR,1yr,1,1
C0443,KOOS JR,1yr,2,0
C0443,KOOS JR,1yr,3,1
C0443,KOOS JR,1yr,4,1
C0443,KOOS JR,1yr,5,0
C0443,KOOS JR,1yr,6,1
C0443,KOOS JR,1yr,7,0
C0450,KOOS JR,preop,1,
C0450,KOOS JR,preop,2,1
C0450,KOOS JR,preop,3,1
C0450,KOOS JR,preop,4,1
C0450,KOOS JR,preop,5,1
C0450,KOOS JR,preop,6,1
C0450,KOOS JR,preop,7,2
C0450,KOOS JR,6wk,1,1
C0450,KOOS JR,6wk,2,1
C0450,KOOS JR,6wk,3,1
C0450,KOOS JR,6wk,4,1
C0450,KOOS JR,6wk,5,
C0450,KOOS JR,6wk,6,
C0450,KOOS JR,6wk,7,1
C0450,KOOS JR,3mo,1,1
C0450,KOOS JR,3mo,2,0
C0450,KOOS JR,3mo,3,1
C0450,KOOS JR,3mo,4,1
C0450,KOOS JR,3mo,5,2
C0450,KOOS JR,3mo,6,0
C0450,KOOS JR,3mo,7,0
C0450,KOOS JR,1yr,1,1
C0450,KOOS JR,1yr,2,0
C0450,KOOS JR,1yr,3,0
C0450,KOOS JR,1yr,4,2
C0450,KOOS JR,1yr,5,1
C0450,KOOS JR,1yr,6,1
C0450,KOOS JR,1yr,7,1
C0451,KOOS JR,preop,1,2
C0451,KOOS JR,preop,2,1
C0451,KOOS JR,preop,3,0
C0451,KOOS JR,preop,4,1
C0451,KOOS JR,preop,5,1
C0451,KOOS JR,preop,6,1
C0451,KOOS JR,preop,7,1
C0451,KOOS JR,6wk,1,2
C0451,KOOS JR,6wk,2,1
C0451,KOOS JR,6wk,3,1
C0451,KOOS JR,6wk,4,2
C0451,KOOS JR,6wk,5,1
C0451,KOOS JR,6wk,6,1
C0451,KOOS JR,6wk,7,1
C0451,KOOS JR,3mo,1,1
C0451,KOOS JR,3mo,2,1
C0451,KOOS JR,3mo,3,1
C0451,KOOS JR,3mo,4,1
C0451,KOOS JR,3mo,5,1
C0451,KOOS JR,3mo,6,0
C0451,KOOS JR,3mo,7,0
C0451,KOOS JR,1yr,1,
C0451,KOOS JR,1yr,2,
C0451,KOOS JR,1yr,3,
C0451,KOOS JR,1yr,4,
C0451,KOOS JR,1yr,5,
C0451,KOOS JR,1yr,6,
C0451,KOOS JR,1yr,7,
C0454,HOOS JR,preop,1,3
C0454,HOOS JR,preop,2,3
C0454,HOOS JR,preop,3,4
C0454,HOOS JR,preop,4,3
C0454,HOOS JR,preop,5,3
C0454,HOOS JR,preop,6,3
C0454,HOOS JR,6wk,1,2
C0454,HOOS JR,6wk,2,2
C0454,HOOS JR,6wk,3,0
C0454,HOOS JR,6wk,4,0
C0454,HOOS JR,6wk,5,2
C0454,HOOS JR,6wk,6,2
C0454,HOOS JR,3mo,1,1
C0454,HOOS JR,3mo,2,2
C0454,HOOS JR,3mo,3,2
C0454,HOOS JR,3mo,4,2
C0454,HOOS JR,3mo,5,3
C0454,HOOS JR,3mo,6,2
C0454,HOOS JR,1yr,1,0
C0454,HOOS JR,1yr,2,2
C0454,HOOS JR,1yr,3,1
C0454,HOOS JR,1yr,4,3
C0454,HOOS JR,1yr,5,1
C0454,HOOS JR,1yr,6,2
C0459,KOOS JR,preop,1,2
C0459,KOOS JR,preop,2,2
C0459,KOOS JR,preop,3,2
C0459,KOOS JR,preop,4,1
C0459,KOOS JR,preop,5,2
C0459,KOOS JR,preop,6,2
C0459,KOOS JR,preop,7,2
C0459,KOOS JR,6wk,1,0
C0459,KOOS JR,6wk,2,1
C0459,KOOS JR,6wk,3,1
C0459,KOOS JR,6wk,4,3
C0459,KOOS JR,6wk,5,2
C0459,KOOS JR,6wk,6,1
C0459,KOOS JR,6wk,7,
C0459,KOOS JR,3mo,1,1
C0459,KOOS JR,3mo,2,1
C0459,KOOS JR,3mo,3,1
C0459,KOOS JR,3mo,4,1
C0459,KOOS JR,3mo,5,1
C0459,KOOS JR,3mo,6,1
C0459,KOOS JR,3mo,7,1
C0459,KOOS JR,1yr,1,0
C0459,KOOS JR,1yr,2,0
C0459,KOOS JR,1yr,3,0
C0459,KOOS JR,1yr,4,0
C0459,KOOS JR,1yr,5,2
C0459,KOOS JR,1yr,6,1
C0459,KOOS JR,1yr,7,0
C0460,HOOS JR,preop,1,2
C0460,HOOS JR,preop,2,
C0460,HOOS JR,preop,3,2
C0460,HOOS JR,preop,4,2
C0460,HOOS JR,preop,5,2
C0460,HOOS JR,preop,6,2
C0460,HOOS JR,6wk,1,1
C0460,HOOS JR,6wk,2,1
C0460,HOOS JR,6wk,3,0
C0460,HOOS JR,6wk,4,0
C0460,HOOS JR,6wk,5,1
C0460,HOOS JR,6wk,6,0
C0460,HOOS JR,3mo,1,1
C0460,HOOS JR,3mo,2,1
C0460,HOOS JR,3mo,3,0
C0460,HOOS JR,3mo,4,0
C0460,HOOS JR,3mo,5,0
C0460,HOOS JR,3mo,6,0
C0460,HOOS JR,1yr,1,
C0460,HOOS JR,1yr,2,
C0460,HOOS JR,1yr,3,
C0460,HOOS JR,1yr,4,
C0460,HOOS JR,1yr,5,
C0460,HOOS JR,1yr,6,
C0462,KOOS JR,preop,1,2
C0462,KOOS JR,preop,2,2
C0462,KOOS JR,preop,3,3
C0462,KOOS JR,preop,4,1
C0462,KOOS JR,preop,5,3
C0462,KOOS JR,preop,6,1
C0462,KOOS JR,preop,7,2
C0462,KOOS JR,6wk,1,1
C0462,KOOS JR,6wk,2,1
C0462,KOOS JR,6wk,3,1
C0462,KOOS JR,6wk,4,2
C0462,KOOS JR,6wk,5,2
C0462,KOOS JR,6wk,6,1
C0462,KOOS JR,6wk,7,1
C0462,KOOS JR,3mo,1,2
C0462,KOOS JR,3mo,2,3
C0462,KOOS JR,3mo,3,
C0462,KOOS JR,3mo,4,1
C0462,KOOS JR,3mo,5,2
C0462,KOOS JR,3mo,6,3
C0462,KOOS JR,3mo,7,2
C0462,KOOS JR,1yr,1,0
C0462,KOOS JR,1yr,2,1
C0462,KOOS JR,1yr,3,0
C0462,KOOS JR,1yr,4,0
C0462,KOOS JR,1yr,5,0
C0462,KOOS JR,1yr,6,
C0462,KOOS JR,1yr,7,0
C0463,KOOS JR,preop,1,2
C0463,KOOS JR,preop,2,2
C0463,KOOS JR,preop,3,3
C0463,KOOS JR,preop,4,3
C0463,KOOS JR,preop,5,3
C0463,KOOS JR,preop,6,3
C0463,KOOS JR,preop,7,3
C0463,KOOS JR,6wk,1,1
C0463,KOOS JR,6wk,2,0
C0463,KOOS JR,6wk,3,2
C0463,KOOS JR,6wk,4,1
C0463,KOOS JR,6wk,5,1
C0463,KOOS JR,6wk,6,1
C0463,KOOS JR,6wk,7,0
C0463,KOOS JR,3mo,1,1
C0463,KOOS JR,3mo,2,1
C0463,KOOS JR,3mo,3,
C0463,KOOS JR,3mo,4,1
C0463,KOOS JR,3mo,5,
C0463,KOOS JR,3mo,6,0
C0463,KOOS JR,3mo,7,0
C0463,KOOS JR,1yr,1,1
C0463,KOOS JR,1yr,2,2
C0463,KOOS JR,1yr,3,2
C0463,KOOS JR,1yr,4,1
C0463,KOOS JR,1yr,5,1
C0463,KOOS JR,1yr,6,1
C0463,KOOS JR,1yr,7,0
C0468,KOOS JR,preop,1,2
C0468,KOOS JR,preop,2,2
C0468,KOOS JR,preop,3,2
C0468,KOOS JR,preop,4,3
C0468,KOOS JR,preop,5,1
C0468,KOOS JR,preop,6,1
C0468,KOOS JR,preop,7,2
C0468,KOOS JR,6wk,1,1
C0468,KOOS JR,6wk,2,1
C0468,KOOS JR,6wk,3,3
C0468,KOOS JR,6wk,4,2
C0468,KOOS JR,6wk,5,0
C0468,KOOS JR,6wk,6,1
C0468,KOOS JR,6wk,7,1
C0468,KOOS JR,3mo,1,0
C0468,KOOS JR,3mo,2,1
C0468,KOOS JR,3mo,3,1
C0468,KOOS JR,3mo,4,1
C0468,KOOS JR,3mo,5,1
C0468,KOOS JR,3mo,6,1
C0468,KOOS JR,3mo,7,2
C0468,KOOS JR,1yr,1,1
C0468,KOOS JR,1yr,2,0
C0468,KOOS JR,1yr,3,2
C0468,KOOS JR,1yr,4,0
C0468,KOOS JR,1yr,5,1
C0468,KOOS JR,1yr,6,0
C0468,KOOS JR,1yr,7,0
C0480,HOOS JR,preop,1,1
C0480,HOOS JR,preop,2,3
C0480,HOOS JR,preop,3,2
C0480,HOOS JR,preop,4,2
C0480,HOOS JR,preop,5,
C0480,HOOS JR,preop,6,3
C0480,HOOS JR,6wk,1,2
C0480,HOOS JR,6wk,2,1
C0480,HOOS JR,6wk,3,2
C0480,HOOS JR,6wk,4,2
C0480,HOOS JR,6wk,5,2
C0480,HOOS JR,6wk,6,2
C0480,HOOS JR,3mo,1,1
C0480,HOOS JR,3mo,2,1
C0480,HOOS JR,3mo,3,1
C0480,HOOS JR,3mo,4,
C0480,HOOS JR,3mo,5,0
C0480,HOOS JR,3mo,6,1
C0480,HOOS JR,1yr,1,1
C0480,HOOS JR,1yr,2,0
C0480,HOOS JR,1yr,3,0
C0480,HOOS JR,1yr,4,0
C0480,HOOS JR,1yr,5,0
C0480,HOOS JR,1yr,6,1
C0486,HOOS JR,preop,1,3
C0486,HOOS JR,preop,2,4
C0486,HOOS JR,preop,3,3
C0486,HOOS JR,preop,4,3
C0486,HOOS JR,preop,5,3
C0486,HOOS JR,preop,6,1
C0486,HOOS JR,6wk,1,
C0486,HOOS JR,6wk,2,
C0486,HOOS JR,6wk,3,
C0486,HOOS JR,6wk,4,
C0486,HOOS JR,6wk,5,
C0486,HOOS JR,6wk,6,
C0486,HOOS JR,3mo,1,0
C0486,HOOS JR,3mo,2,1
C0486,HOOS JR,3mo,3,2
C0486,HOOS JR,3mo,4,0
C0486,HOOS JR,3mo,5,1
C0486,HOOS JR,3mo,6,0
C0486,HOOS JR,1yr,1,1
C0486,HOOS JR,1yr,2,0
C0486,HOOS JR,1yr,3,1
C0486,HOOS JR,1yr,4,1
C0486,HOOS JR,1yr,5,2
C0486,HOOS JR,1yr,6,0
C0489,HOOS JR,preop,1,2
C0489,HOOS JR,preop,2,3
C0489,HOOS JR,preop,3,2
C0489,HOOS JR,preop,4,2
C0489,HOOS JR,preop,5,2
C0489,HOOS JR,preop,6,3
C0489,HOOS JR,6wk,1,
C0489,HOOS JR,6wk,2,
C0489,HOOS JR,6wk,3,
C0489,HOOS JR,6wk,4,
C0489,HOOS JR,6wk,5,
C0489,HOOS JR,6wk,6,
C0489,HOOS JR,3mo,1,
C0489,HOOS JR,3mo,2,
C0489,HOOS JR,3mo,3,
C0489,HOOS JR,3mo,4,
C0489,HOOS JR,3mo,5,
C0489,HOOS JR,3mo,6,
C0489,HOOS JR,1yr,1,
C0489,HOOS JR,1yr,2,
C0489,HOOS JR,1yr,3,
C0489,HOOS JR,1yr,4,
C0489,HOOS JR,1yr,5,
C0489,HOOS JR,1yr,6,
C0492,HOOS JR,preop,1,2
C0492,HOOS JR,preop,2,2
C0492,HOOS JR,preop,3,3
C0492,HOOS JR,preop,4,2
C0492,HOOS JR,preop,5,2
C0492,HOOS JR,preop,6,3
C0492,HOOS JR,6wk,1,1
C0492,HOOS JR,6wk,2,1
C0492,HOOS JR,6wk,3,2
C0492,HOOS JR,6wk,4,1
C0492,HOOS JR,6wk,5,0
C0492,HOOS JR,6wk,6,1
C0492,HOOS JR,3mo,1,0
C0492,HOOS JR,3mo,2,0
C0492,HOOS JR,3mo,3,0
C0492,HOOS JR,3mo,4,1
C0492,HOOS JR,3mo,5,1
C0492,HOOS JR,3mo,6,0
C0492,HOOS JR,1yr,1,0
C0492,HOOS JR,1yr,2,1
C0492,HOOS JR,1yr,3,0
C0492,HOOS JR,1yr,4,2
C0492,HOOS JR,1yr,5,0
C0492,HOOS JR,1yr,6,0
C0499,HOOS JR,preop,1,3
C0499,HOOS JR,preop,2,3
C0499,HOOS JR,preop,3,4
C0499,HOOS JR,preop,4,3
C0499,HOOS JR,preop,5,3
C0499,HOOS JR,preop,6,3
C0499,HOOS JR,6wk,1,2
C0499,HOOS JR,6wk,2,
C0499,HOOS JR,6wk,3,2
C0499,HOOS JR,6wk,4,1
C0499,HOOS JR,6wk,5,1
C0499,HOOS JR,6wk,6,1
C0499,HOOS JR,3mo,1,0
C0499,HOOS JR,3mo,2,2
C0499,HOOS JR,3mo,3,1
C0499,HOOS JR,3mo,4,1
C0499,HOOS JR,3mo,5,2
C0499,HOOS JR,3mo,6,2
C0499,HOOS JR,1yr,1,3
C0499,HOOS JR,1yr,2,
C0499,HOOS JR,1yr,3,2
C0499,HOOS JR,1yr,4,1
C0499,HOOS JR,1yr,5,1
C0499,HOOS JR,1yr,6,2
C0506,HOOS JR,preop,1,3
C0506,HOOS JR,preop,2,1
C0506,HOOS JR,preop,3,1
C0506,HOOS JR,preop,4,3
C0506,HOOS JR,preop,5,2
C0506,HOOS JR,preop,6,2
C0506,HOOS JR,6wk,1,1
C0506,HOOS JR,6wk,2,2
C0506,HOOS JR,6wk,3,1
C0506,HOOS JR,6wk,4,1
C0506,HOOS JR,6wk,5,1
C0506,HOOS JR,6wk,6,0
C0506,HOOS JR,3mo,1,0
C0506,HOOS JR,3mo,2,0
C0506,HOOS JR,3mo,3,0
C0506,HOOS JR,3mo,4,1
C0506,HOOS JR,3mo,5,0
C0506,HOOS JR,3mo,6,0
C0506,HOOS JR,1yr,1,1
C0506,HOOS JR,1yr,2,0
C0506,HOOS JR,1yr,3,1
C0506,HOOS JR,1yr,4,1
C0506,HOOS JR,1yr,5,1
C0506,HOOS JR,1yr,6,0
C0509,KOOS JR,preop,1,3
C0509,KOOS JR,preop,2,1
C0509,KOOS JR,preop,3,3
C0509,KOOS JR,preop,4,2
C0509,KOOS JR,preop,5,1
C0509,KOOS JR,preop,6,1
C0509,KOOS JR,preop,7,2
C0509,KOOS JR,6wk,1,2
C0509,KOOS JR,6wk,2,1
C0509,KOOS JR,6wk,3,2
C0509,KOOS JR,6wk,4,2
C0509,KOOS JR,6wk,5,1
C0509,KOOS JR,6wk,6,1
C0509,KOOS JR,6wk,7,1
C0509,KOOS JR,3mo,1,1
C0509,KOOS JR,3mo,2,1
C0509,KOOS JR,3mo,3,0
C0509,KOOS JR,3mo,4,1
C0509,KOOS JR,3mo,5,0
C0509,KOOS JR,3mo,6,0
C0509,KOOS JR,3mo,7,1
C0509,KOOS JR,1yr,1,0
C0509,KOOS JR,1yr,2,1
C0509,KOOS JR,1yr,3,1
C0509,KOOS JR,1yr,4,0
C0509,KOOS JR,1yr,5,2
C0509,KOOS JR,1yr,6,1
C0509,KOOS JR,1yr,7,1
C0511,KOOS JR,preop,1,2
C0511,KOOS JR,preop,2,1
C0511,KOOS JR,preop,3,2
C0511,KOOS JR,preop,4,2
C0511,KOOS JR,preop,5,2
C0511,KOOS JR,preop,6,1
C0511,KOOS JR,preop,7,2
C0511,KOOS JR,6wk,1,2
C0511,KOOS JR,6wk,2,2
C0511,KOOS JR,6wk,3,0
C0511,KOOS JR,6wk,4,1
C0511,KOOS JR,6wk,5,0
C0511,KOOS JR,6wk,6,1
C0511,KOOS JR,6wk,7,1
C0511,KOOS JR,3mo,1,0
C0511,KOOS JR,3mo,2,1
C0511,KOOS JR,3mo,3,1
C0511,KOOS JR,3mo,4,1
C0511,KOOS JR,3mo,5,1
C0511,KOOS JR,3mo,6,0
C0511,KOOS JR,3mo,7,1
C0511,KOOS JR,1yr,1,0
C0511,KOOS JR,1yr,2,0
C0511,KOOS JR,1yr,3,1
C0511,KOOS JR,1yr,4,0
C0511,KOOS JR,1yr,5,1
C0511,KOOS JR,1yr,6,1
C0511,KOOS JR,1yr,7,0
C0513,HOOS JR,preop,1,2
C0513,HOOS JR,preop,2,3
C0513,HOOS JR,preop,3,2
C0513,HOOS JR,preop,4,2
C0513,HOOS JR,preop,5,2
C0513,HOOS JR,preop,6,3
C0513,HOOS JR,6wk,1,1
C0513,HOOS JR,6wk,2,1
C0513,HOOS JR,6wk,3,1
C0513,HOOS JR,6wk,4,1
C0513,HOOS JR,6wk,5,1
C0513,HOOS JR,6wk,6,2
C0513,HOOS JR,3mo,1,
C0513,HOOS JR,3mo,2,
C0513,HOOS JR,3mo,3,
C0513,HOOS JR,3mo,4,
C0513,HOOS JR,3mo,5,
C0513,HOOS JR,3mo,6,
C0513,HOOS JR,1yr,1,
C0513,HOOS JR,1yr,2,
C0513,HOOS JR,1yr,3,
C0513,HOOS JR,1yr,4,
C0513,HOOS JR,1yr,5,
C0513,HOOS JR,1yr,6,
C0517,HOOS JR,preop,1,2
C0517,HOOS JR,preop,2,2
C0517,HOOS JR,preop,3,2
C0517,HOOS JR,preop,4,2
C0517,HOOS JR,preop,5,3
C0517,HOOS JR,preop,6,2
C0517,HOOS JR,6wk,1,2
C0517,HOOS JR,6wk,2,2
C0517,HOOS JR,6wk,3,2
C0517,HOOS JR,6wk,4,1
C0517,HOOS JR,6wk,5,1
C0517,HOOS JR,6wk,6,
C0517,HOOS JR,3mo,1,
C0517,HOOS JR,3mo,2,
C0517,HOOS JR,3mo,3,
C0517,HOOS JR,3mo,4,
C0517,HOOS JR,3mo,5,
C0517,HOOS JR,3mo,6,
C0517,HOOS JR,1yr,1,1
C0517,HOOS JR,1yr,2,0
C0517,HOOS JR,1yr,3,0
C0517,HOOS JR,1yr,4,0
C0517,HOOS JR,1yr,5,0
C0517,HOOS JR,1yr,6,1
C0520,KOOS JR,preop,1,1
C0520,KOOS JR,preop,2,1
C0520,KOOS JR,preop,3,1
C0520,KOOS JR,preop,4,0
C0520,KOOS JR,preop,5,1
C0520,KOOS JR,preop,6,2
C0520,KOOS JR,preop,7,1
C0520,KOOS JR,6wk,1,0
C0520,KOOS JR,6wk,2,0
C0520,KOOS JR,6wk,3,2
C0520,KOOS JR,6wk,4,2
C0520,KOOS JR,6wk,5,1
C0520,KOOS JR,6wk,6,0
C0520,KOOS JR,6wk,7,1
C0520,KOOS JR,3mo,1,
C0520,KOOS JR,3mo,2,
C0520,KOOS JR,3mo,3,
C0520,KOOS JR,3mo,4,
C0520,KOOS JR,3mo,5,
C0520,KOOS JR,3mo,6,
C0520,KOOS JR,3mo,7,
C0520,KOOS JR,1yr,1,
C0520,KOOS JR,1yr,2,
C0520,KOOS JR,1yr,3,
C0520,KOOS JR,1yr,4,
C0520,KOOS JR,1yr,5,
C0520,KOOS JR,1yr,6,
C0520,KOOS JR,1yr,7,
C0522,HOOS JR,preop,1,3
C0522,HOOS JR,preop,2,3
C0522,HOOS JR,preop,3,2
C0522,HOOS JR,preop,4,2
C0522,HOOS JR,preop,5,2
C0522,HOOS JR,preop,6,3
C0522,HOOS JR,6wk,1,2
C0522,HOOS JR,6wk,2,2
C0522,HOOS JR,6wk,3,2
C0522,HOOS JR,6wk,4,2
C0522,HOOS JR,6wk,5,2
C0522,HOOS JR,6wk,6,2
C0522,HOOS JR,3mo,1,2
C0522,HOOS JR,3mo,2,2
C0522,HOOS JR,3mo,3,2
C0522,HOOS JR,3mo,4,2
C0522,HOOS JR,3mo,5,2
C0522,HOOS JR,3mo,6,1
C0522,HOOS JR,1yr,1,2
C0522,HOOS JR,1yr,2,1
C0522,HOOS JR,1yr,3,1
C0522,HOOS JR,1yr,4,2
C0522,HOOS JR,1yr,5,1
C0522,HOOS JR,1yr,6,2
C0529,HOOS JR,preop,1,2
C0529,HOOS JR,preop,2,2
C0529,HOOS JR,preop,3,3
C0529,HOOS JR,preop,4,2
C0529,HOOS JR,preop,5,3
C0529,HOOS JR,preop,6,1
C0529,HOOS JR,6wk,1,2
C0529,HOOS JR,6wk,2,0
C0529,HOOS JR,6wk,3,1
C0529,HOOS JR,6wk,4,0
C0529,HOOS JR,6wk,5,1
C0529,HOOS JR,6wk,6,2
C0529,HOOS JR,3mo,1,0
C0529,HOOS JR,3mo,2,0
C0529,HOOS JR,3mo,3,0
C0529,HOOS JR,3mo,4,1
C0529,HOOS JR,3mo,5,1
C0529,HOOS JR,3mo,6,0
C0529,HOOS JR,1yr,1,0
C0529,HOOS JR,1yr,2,0
C0529,HOOS JR,1yr,3,0
C0529,HOOS JR,1yr,4,0
C0529,HOOS JR,1yr,5,
C0529,HOOS JR,1yr,6,1
C0532,HOOS JR,preop,1,
C0532,HOOS JR,preop,2,1
C0532,HOOS JR,preop,3,0
C0532,HOOS JR,preop,4,1
C0532,HOOS JR,preop,5,0
C0532,HOOS JR,preop,6,1
C0532,HOOS JR,6wk,1,1
C0532,HOOS JR,6wk,2,1
C0532,HOOS JR,6wk,3,0
C0532,HOOS JR,6wk,4,0
C0532,HOOS JR,6wk,5,1
C0532,HOOS JR,6wk,6,2
C0532,HOOS JR,3mo,1,0
C0532,HOOS JR,3mo,2,2
C0532,HOOS JR,3mo,3,0
C0532,HOOS JR,3mo,4,0
C0532,HOOS JR,3mo,5,0
C0532,HOOS JR,3mo,6,0
C0532,HOOS JR,1yr,1,0
C0532,HOOS JR,1yr,2,0
C0532,HOOS JR,1yr,3,0
C0532,HOOS JR,1yr,4,0
C0532,HOOS JR,1yr,5,1
C0532,HOOS JR,1yr,6,0
C0533,KOOS JR,preop,1,3
C0533,KOOS JR,preop,2,2
C0533,KOOS JR,preop,3,2
C0533,KOOS JR,preop,4,1
C0533,KOOS JR,preop,5,2
C0533,KOOS JR,preop,6,1
C0533,KOOS JR,preop,7,3
C0533,KOOS JR,6wk,1,2
C0533,KOOS JR,6wk,2,2
C0533,KOOS JR,6wk,3,2
C0533,KOOS JR,6wk,4,2
C0533,KOOS JR,6wk,5,1
C0533,KOOS JR,6wk,6,1
C0533,KOOS JR,6wk,7,0
C0533,KOOS JR,3mo,1,0
C0533,KOOS JR,3mo,2,3
C0533,KOOS JR,3mo,3,1
C0533,KOOS JR,3mo,4,3
C0533,KOOS JR,3mo,5,2
C0533,KOOS JR,3mo,6,1
C0533,KOOS JR,3mo,7,2
C0533,KOOS JR,1yr,1,1
C0533,KOOS JR,1yr,2,0
C0533,KOOS JR,1yr,3,
C0533,KOOS JR,1yr,4,0
C0533,KOOS JR,1yr,5,2
C0533,KOOS JR,1yr,6,1
C0533,KOOS JR,1yr,7,1
C0537,HOOS JR,preop,1,3
C0537,HOOS JR,preop,2,1
C0537,HOOS JR,preop,3,4
C0537,HOOS JR,preop,4,2
C0537,HOOS JR,preop,5,2
C0537,HOOS JR,preop,6,3
C0537,HOOS JR,6wk,1,2
C0537,HOOS JR,6wk,2,
C0537,HOOS JR,6wk,3,2
C0537,HOOS JR,6wk,4,2
C0537,HOOS JR,6wk,5,1
C0537,HOOS JR,6wk,6,2
C0537,HOOS JR,3mo,1,
C0537,HOOS JR,3mo,2,
C0537,HOOS JR,3mo,3,
C0537,HOOS JR,3mo,4,
C0537,HOOS JR,3mo,5,
C0537,HOOS JR,3mo,6,
C0537,HOOS JR,1yr,1,1
C0537,HOOS JR,1yr,2,1
C0537,HOOS JR,1yr,3,2
C0537,HOOS JR,1yr,4,1
C0537,HOOS JR,1yr,5,1
C0537,HOOS JR,1yr,6,2
C0547,HOOS JR,preop,1,2
C0547,HOOS JR,preop,2,2
C0547,HOOS JR,preop,3,2
C0547,HOOS JR,preop,4,2
C0547,HOOS JR,preop,5,1
C0547,HOOS JR,preop,6,2
C0547,HOOS JR,6wk,1,1
C0547,HOOS JR,6wk,2,1
C0547,HOOS JR,6wk,3,1
C0547,HOOS JR,6wk,4,0
C0547,HOOS JR,6wk,5,1
C0547,HOOS JR,6wk,6,1
C0547,HOOS JR,3mo,1,1
C0547,HOOS JR,3mo,2,0
C0547,HOOS JR,3mo,3,1
C0547,HOOS JR,3mo,4,1
C0547,HOOS JR,3mo,5,1
C0547,HOOS JR,3mo,6,0
C0547,HOOS JR,1yr,1,0
C0547,HOOS JR,1yr,2,1
C0547,HOOS JR,1yr,3,0
C0547,HOOS JR,1yr,4,0
C0547,HOOS JR,1yr,5,0
C0547,HOOS JR,1yr,6,0
C0554,HOOS JR,preop,1,2
C0554,HOOS JR,preop,2,1
C0554,HOOS JR,preop,3,2
C0554,HOOS JR,preop,4,2
C0554,HOOS JR,preop,5,2
C0554,HOOS JR,preop,6,2
C0554,HOOS JR,6wk,1,
C0554,HOOS JR,6wk,2,
C0554,HOOS JR,6wk,3,
C0554,HOOS JR,6wk,4,
C0554,HOOS JR,6wk,5,
C0554,HOOS JR,6wk,6,
C0554,HOOS JR,3mo,1,0
C0554,HOOS JR,3mo,2,2
C0554,HOOS JR,3mo,3,1
C0554,HOOS JR,3mo,4,0
C0554,HOOS JR,3mo,5,1
C0554,HOOS JR,3mo,6,1
C0554,HOOS JR,1yr,1,1
C0554,HOOS JR,1yr,2,0
C0554,HOOS JR,1yr,3,0
C0554,HOOS JR,1yr,4,0
C0554,HOOS JR,1yr,5,0
C0554,HOOS JR,1yr,6,1
C0555,KOOS JR,preop,1,3
C0555,KOOS JR,preop,2,1
C0555,KOOS JR,preop,3,2
C0555,KOOS JR,preop,4,3
C0555,KOOS JR,preop,5,2
C0555,KOOS JR,preop,6,2
C0555,KOOS JR,preop,7,3
C0555,KOOS JR,6wk,1,1
C0555,KOOS JR,6wk,2,2
C0555,KOOS JR,6wk,3,3
C0555,KOOS JR,6wk,4,2
C0555,KOOS JR,6wk,5,2
C0555,KOOS JR,6wk,6,2
C0555,KOOS JR,6wk,7,1
C0555,KOOS JR,3mo,1,0
C0555,KOOS JR,3mo,2,1
C0555,KOOS JR,3mo,3,
C0555,KOOS JR,3mo,4,1
C0555,KOOS JR,3mo,5,0
C0555,KOOS JR,3mo,6,0
C0555,KOOS JR,3mo,7,1
C0555,KOOS JR,1yr,1,1
C0555,KOOS JR,1yr,2,1
C0555,KOOS JR,1yr,3,0
C0555,KOOS JR,1yr,4,0
C0555,KOOS JR,1yr,5,0
C0555,KOOS JR,1yr,6,1
C0555,KOOS JR,1yr,7,1
C0573,KOOS JR,preop,1,2
C0573,KOOS JR,preop,2,2
C0573,KOOS JR,preop,3,2
C0573,KOOS JR,preop,4,2
C0573,KOOS JR,preop,5,1
C0573,KOOS JR,preop,6,2
C0573,KOOS JR,preop,7,1
C0573,KOOS JR,6wk,1,2
C0573,KOOS JR,6wk,2,2
C0573,KOOS JR,6wk,3,2
C0573,KOOS JR,6wk,4,2
C0573,KOOS JR,6wk,5,1
C0573,KOOS JR,6wk,6,1
C0573,KOOS JR,6wk,7,1
C0573,KOOS JR,3mo,1,
C0573,KOOS JR,3mo,2,
C0573,KOOS JR,3mo,3,
C0573,KOOS JR,3mo,4,
C0573,KOOS JR,3mo,5,
C0573,KOOS JR,3mo,6,
C0573,KOOS JR,3mo,7,
C0573,KOOS JR,1yr,1,
C0573,KOOS JR,1yr,2,
C0573,KOOS JR,1yr,3,
C0573,KOOS JR,1yr,4,
C0573,KOOS JR,1yr,5,
C0573,KOOS JR,1yr,6,
C0573,KOOS JR,1yr,7,
C0576,KOOS JR,preop,1,2
C0576,KOOS JR,preop,2,3
C0576,KOOS JR,preop,3,3
C0576,KOOS JR,preop,4,3
C0576,KOOS JR,preop,5,3
C0576,KOOS JR,preop,6,3
C0576,KOOS JR,preop,7,3
C0576,KOOS JR,6wk,1,1
C0576,KOOS JR,6wk,2,2
C0576,KOOS JR,6wk,3,3
C0576,KOOS JR,6wk,4,1
C0576,KOOS JR,6wk,5,3
C0576,KOOS JR,6wk,6,2
C0576,KOOS JR,6wk,7,2
C0576,KOOS JR,3mo,1,1
C0576,KOOS JR,3mo,2,0
C0576,KOOS JR,3mo,3,1
C0576,KOOS JR,3mo,4,1
C0576,KOOS JR,3mo,5,1
C0576,KOOS JR,3mo,6,1
C0576,KOOS JR,3mo,7,1
C0576,KOOS JR,1yr,1,
C0576,KOOS JR,1yr,2,1
C0576,KOOS JR,1yr,3,0
C0576,KOOS JR,1yr,4,0
C0576,KOOS JR,1yr,5,0
C0576,KOOS JR,1yr,6,0
C0576,KOOS JR,1yr,7,1
C0579,KOOS JR,preop,1,2
C0579,KOOS JR,preop,2,2
C0579,KOOS JR,preop,3,3
C0579,KOOS JR,preop,4,1
C0579,KOOS JR,preop,5,2
C0579,KOOS JR,preop,6,2
C0579,KOOS JR,preop,7,2
C0579,KOOS JR,6wk,1,
C0579,KOOS JR,6wk,2,
C0579,KOOS JR,6wk,3,
C0579,KOOS JR,6wk,4,
C0579,KOOS JR,6wk,5,
C0579,KOOS JR,6wk,6,
C0579,KOOS JR,6wk,7,
C0579,KOOS JR,3mo,1,1
C0579,KOOS JR,3mo,2,1
C0579,KOOS JR,3mo,3,0
C0579,KOOS JR,3mo,4,1
C0579,KOOS JR,3mo,5,0
C0579,KOOS JR,3mo,6,1
C0579,KOOS JR,3mo,7,1
C0579,KOOS JR,1yr,1,2
C0579,KOOS JR,1yr,2,2
C0579,KOOS JR,1yr,3,0
C0579,KOOS JR,1yr,4,0
C0579,KOOS JR,1yr,5,0
C0579,KOOS JR,1yr,6,1
C0579,KOOS JR,1yr,7,2
C0581,KOOS JR,preop,1,3
C0581,KOOS JR,preop,2,2
C0581,KOOS JR,preop,3,1
C0581,KOOS JR,preop,4,2
C0581,KOOS JR,preop,5,2
C0581,KOOS JR,preop,6,2
C0581,KOOS JR,preop,7,2
C0581,KOOS JR,6wk,1,1
C0581,KOOS JR,6wk,2,2
C0581,KOOS JR,6wk,3,1
C0581,KOOS JR,6wk,4,2
C0581,KOOS JR,6wk,5,2
C0581,KOOS JR,6wk,6,2
C0581,KOOS JR,6wk,7,1
C0581,KOOS JR,3mo,1,1
C0581,KOOS JR,3mo,2,0
C0581,KOOS JR,3mo,3,1
C0581,KOOS JR,3mo,4,1
C0581,KOOS JR,3mo,5,2
C0581,KOOS JR,3mo,6,2
C0581,KOOS JR,3mo,7,0
C0581,KOOS JR,1yr,1,0
C0581,KOOS JR,1yr,2,1
C0581,KOOS JR,1yr,3,0
C0581,KOOS JR,1yr,4,1
C0581,KOOS JR,1yr,5,0
C0581,KOOS JR,1yr,6,0
C0581,KOOS JR,1yr,7,
C0586,HOOS JR,preop,1,1
C0586,HOOS JR,preop,2,2
C0586,HOOS JR,preop,3,2
C0586,HOOS JR,preop,4,2
C0586,HOOS JR,preop,5,1
C0586,HOOS JR,preop,6,2
C0586,HOOS JR,6wk,1,1
C0586,HOOS JR,6wk,2,1
C0586,HOOS JR,6wk,3,1
C0586,HOOS JR,6wk,4,1
C0586,HOOS JR,6wk,5,1
C0586,HOOS JR,6wk,6,2
C0586,HOOS JR,3mo,1,1
C0586,HOOS JR,3mo,2,0
C0586,HOOS JR,3mo,3,0
C0586,HOOS JR,3mo,4,0
C0586,HOOS JR,3mo,5,1
C0586,HOOS JR,3mo,6,1
C0586,HOOS JR,1yr,1,
C0586,HOOS JR,1yr,2,
C0586,HOOS JR,1yr,3,
C0586,HOOS JR,1yr,4,
C0586,HOOS JR,1yr,5,
C0586,HOOS JR,1yr,6,
C0588,HOOS JR,preop,1,2
C0588,HOOS JR,preop,2,0
C0588,HOOS JR,preop,3,2
C0588,HOOS JR,preop,4,2
C0588,HOOS JR,preop,5,2
C0588,HOOS JR,preop,6,2
C0588,HOOS JR,6wk,1,1
C0588,HOOS JR,6wk,2,0
C0588,HOOS JR,6wk,3,2
C0588,HOOS JR,6wk,4,2
C0588,HOOS JR,6wk,5,0
C0588,HOOS JR,6wk,6,1
C0588,HOOS JR,3mo,1,1
C0588,HOOS JR,3mo,2,0
C0588,HOOS JR,3mo,3,0
C0588,HOOS JR,3mo,4,1
C0588,HOOS JR,3mo,5,0
C0588,HOOS JR,3mo,6,0
C0588,HOOS JR,1yr,1,
C0588,HOOS JR,1yr,2,
C0588,HOOS JR,1yr,3,
C0588,HOOS JR,1yr,4,
C0588,HOOS JR,1yr,5,
C0588,HOOS JR,1yr,6,
C0594,HOOS JR,preop,1,1
C0594,HOOS JR,preop,2,1
C0594,HOOS JR,preop,3,2
C0594,HOOS JR,preop,4,1
C0594,HOOS JR,preop,5,1
C0594,HOOS JR,preop,6,2
C0594,HOOS JR,6wk,1,
C0594,HOOS JR,6wk,2,1
C0594,HOOS JR,6wk,3,2
C0594,HOOS JR,6wk,4,1
C0594,HOOS JR,6wk,5,1
C0594,HOOS JR,6wk,6,1
C0594,HOOS JR,3mo,1,0
C0594,HOOS JR,3mo,2,1
C0594,HOOS JR,3mo,3,0
C0594,HOOS JR,3mo,4,1
C0594,HOOS JR,3mo,5,0
C0594,HOOS JR,3mo,6,0
C0594,HOOS JR,1yr,1,
C0594,HOOS JR,1yr,2,
C0594,HOOS JR,1yr,3,
C0594,HOOS JR,1yr,4,
C0594,HOOS JR,1yr,5,
C0594,HOOS JR,1yr,6,
C0595,KOOS JR,preop,1,3
C0595,KOOS JR,preop,2,3
C0595,KOOS JR,preop,3,2
C0595,KOOS JR,preop,4,3
C0595,KOOS JR,preop,5,3
C0595,KOOS JR,preop,6,3
C0595,KOOS JR,preop,7,2
C0595,KOOS JR,6wk,1,2
C0595,KOOS JR,6wk,2,2
C0595,KOOS JR,6wk,3,3
C0595,KOOS JR,6wk,4,2
C0595,KOOS JR,6wk,5,3
C0595,KOOS JR,6wk,6,2
C0595,KOOS JR,6wk,7,2
C0595,KOOS JR,3mo,1,
C0595,KOOS JR,3mo,2,2
C0595,KOOS JR,3mo,3,1
C0595,KOOS JR,3mo,4,2
C0595,KOOS JR,3mo,5,1
C0595,KOOS JR,3mo,6,2
C0595,KOOS JR,3mo,7,2
C0595,KOOS JR,1yr,1,0
C0595,KOOS JR,1yr,2,2
C0595,KOOS JR,1yr,3,2
C0595,KOOS JR,1yr,4,1
C0595,KOOS JR,1yr,5,2
C0595,KOOS JR,1yr,6,2
C0595,KOOS JR,1yr,7,2
C0600,KOOS JR,preop,1,2
C0600,KOOS JR,preop,2,1
C0600,KOOS JR,preop,3,2
C0600,KOOS JR,preop,4,1
C0600,KOOS JR,preop,5,2
C0600,KOOS JR,preop,6,2
C0600,KOOS JR,preop,7,2
C0600,KOOS JR,6wk,1,
C0600,KOOS JR,6wk,2,
C0600,KOOS JR,6wk,3,
C0600,KOOS JR,6wk,4,
C0600,KOOS JR,6wk,5,
C0600,KOOS JR,6wk,6,
C0600,KOOS JR,6wk,7,
C0600,KOOS JR,3mo,1,0
C0600,KOOS JR,3mo,2,1
C0600,KOOS JR,3mo,3,0
C0600,KOOS JR,3mo,4,0
C0600,KOOS JR,3mo,5,1
C0600,KOOS JR,3mo,6,0
C0600,KOOS JR,3mo,7,0
C0600,KOOS JR,1yr,1,0
C0600,KOOS JR,1yr,2,0
C0600,KOOS JR,1yr,3,1
C0600,KOOS JR,1yr,4,0
C0600,KOOS JR,1yr,5,0
C0600,KOOS JR,1yr,6,0
C0600,KOOS JR,1yr,7,0
