case_id,patient_id,site,surgeon,procedure,side,surgery_date,age,sex,bmi,asa,diabetes,hypertension,sleep_apnea,smoker,cci,anesthesia,approach,implant,op_time_min,los_days,discharge,readmit_90d,complication_90d,satisfaction_1yr,followup_years,event_status,revised
C0001,P0317,Site A,S1,TKA,L,2015-01-06,76,Male,39.8,3,0,0,0,current,0,spinal,,A,102,0,home,0,0,5,10.98,0,0
C0002,P0186,Site B,S3,THA,L,2015-01-07,56,Male,25.7,2,0,0,0,never,0,general,posterior,C,80,1,home,0,0,,2.93,1,1
C0003,P0397,Site A,S2,TKA,R,2015-01-13,68,Male,39.9,3,0,0,1,never,0,spinal,,A,90,0,home,1,0,5,9.88,1,1
C0004,P0151,Site B,S3,TKA,L,2015-01-14,60,Female,36.3,3,0,1,0,never,0,general,,A,75,1,home,0,0,5,10.96,0,0
C0005,P0250,Site B,S3,THA,L,2015-01-18,65,Male,36.2,3,1,1,0,never,1,spinal,anterior,C,113,0,home,0,0,,4.33,1,1
C0006,P0263,Site B,S3,THA,R,2015-01-26,74,Male,36.9,3,1,1,1,never,1,spinal,posterior,A,78,0,home,0,0,5,10.93,0,0
C0007,P0117,Site A,S1,THA,L,2015-01-28,57,Male,30.6,3,0,1,0,never,0,spinal,posterior,A,95,0,home,0,0,4,3.22,1,1
C0008,P0434,Site A,S1,TKA,L,2015-01-29,63,Female,32.7,3,0,1,0,never,0,spinal,,B,87,3,home,0,0,5,10.92,0,0
C0009,P0372,Site B,S2,TKA,R,2015-01-31,62,Female,38.7,2,1,1,1,former,2,spinal,,B,86,0,home,0,0,5,1.83,1,1
C0010,P0081,Site A,S2,TKA,L,2015-02-10,66,Female,30.6,2,0,1,0,never,1,spinal,,C,101,1,home,0,0,5,10.84,0,0
C0011,P0457,Site B,S2,THA,R,2015-02-11,59,Male,31.5,3,0,1,1,never,2,spinal,posterior,A,71,1,home,0,0,5,10.89,0,0
C0012,P0273,Site A,S1,THA,L,2015-02-15,72,Male,35.8,3,0,1,1,former,1,general,anterior,A,104,0,home,0,0,,3.32,0,0
C0013,P0171,Site B,S3,TKA,L,2015-02-20,71,Female,36.4,3,0,1,1,never,1,spinal,,A,84,3,home,0,1,,10.86,0,0
C0014,P0438,Site B,S2,THA,R,2015-02-21,77,Female,35.8,2,0,0,0,current,2,spinal,anterior,A,88,1,home,0,0,5,10.39,0,0
C0015,P0316,Site A,S1,THA,L,2015-02-24,59,Male,30.7,3,0,0,0,former,0,spinal,anterior,C,57,0,home,0,0,2,4.71,1,1
C0016,P0447,Site A,S1,TKA,R,2015-02-28,66,Male,29.1,2,0,0,0,never,2,spinal,,A,76,2,home,0,0,5,6.12,2,0
C0017,P0212,Site A,S3,TKA,R,2015-03-01,53,Male,33.3,1,0,0,1,never,0,spinal,,B,84,0,home,0,0,5,8.96,0,0
C0018,P0221,Site B,S2,THA,L,2015-03-10,71,Female,29,2,0,1,1,former,1,spinal,anterior,B,83,2,home,0,0,5,4.47,1,1
C0019,P0183,Site A,S2,THA,L,2015-03-14,80,Female,29.2,3,0,1,0,current,1,spinal,anterior,A,103,0,home,0,0,5,7.8,2,0
C0020,P0498,Site A,S2,THA,R,2015-03-20,53,Female,25.1,3,0,1,0,never,0,spinal,anterior,A,65,3,home,0,0,,10.78,0,0
C0021,P0506,Site A,S2,THA,R,2015-03-28,54,Female,24.4,3,0,1,0,former,1,general,posterior,C,60,2,home,0,0,3,10.76,0,0
C0022,P0503,Site B,S1,TKA,L,2015-04-01,59,Male,25.5,3,0,1,0,former,0,general,,C,82,0,facility,0,0,4,6.2,1,1
C0023,P0279,Site B,S3,TKA,L,2015-04-03,66,Male,34.7,3,0,1,0,former,0,spinal,,A,68,1,home,0,0,2,2.99,0,0
C0024,P0128,Site B,S2,TKA,L,2015-04-21,59,Male,34.5,3,0,0,0,never,0,spinal,,A,106,0,home,0,1,4,10.7,0,0
C0025,P0338,Site A,S2,THA,R,2015-04-21,52,Female,30.7,2,0,1,0,never,2,spinal,anterior,B,75,4,home,0,0,5,10.7,0,0
C0026,P0415,Site A,S2,THA,R,2015-04-21,65,Female,29.4,3,0,1,0,former,0,spinal,anterior,C,96,0,home,0,0,4,9.29,0,0
C0027,P0205,Site B,S2,THA,R,2015-04-24,60,Female,29.2,3,0,1,0,never,3,spinal,posterior,B,77,2,home,0,0,3,10.69,0,0
C0028,P0135,Site A,S2,THA,L,2015-04-26,51,Female,26.3,2,0,1,0,current,0,general,anterior,C,74,0,home,0,0,4,10.68,0,0
C0029,P0235,Site B,S2,TKA,R,2015-05-01,75,Male,26.9,2,0,1,0,never,2,general,,C,90,2,home,1,0,5,3.93,1,1
C0030,P0129,Site A,S2,THA,R,2015-05-06,60,Female,24.6,2,0,0,1,never,0,spinal,anterior,B,69,0,facility,0,0,3,10.66,0,0
C0031,P0062,Site B,S1,TKA,L,2015-05-12,65,Female,27.9,2,0,1,1,never,0,spinal,,A,92,1,home,0,0,4,10.64,0,0
C0032,P0114,Site A,S2,TKA,R,2015-05-13,68,Female,29.8,2,0,0,0,never,0,general,,C,74,0,home,0,0,5,10.64,0,0
C0033,P0229,Site B,S1,THA,L,2015-05-13,55,Female,25.4,3,0,1,0,former,1,spinal,anterior,B,94,0,facility,0,0,4,10.64,0,0
C0034,P0272,Site A,S1,THA,R,2015-05-27,67,Female,29.2,2,0,1,0,never,2,spinal,anterior,A,88,0,home,0,0,5,10.52,0,0
C0035,P0104,Site B,S2,TKA,L,2015-06-08,53,Female,26.9,3,1,0,0,never,0,general,,C,94,0,home,0,0,4,10.57,0,0
C0036,P0194,Site A,S2,TKA,L,2015-06-18,64,Female,25.7,4,0,1,0,never,1,general,,A,109,0,home,0,0,5,10.54,0,0
C0037,P0464,Site A,S1,THA,R,2015-06-18,63,Female,27.6,2,0,0,0,never,0,spinal,posterior,B,61,0,home,0,0,5,3.13,0,0
C0038,P0429,Site B,S1,TKA,L,2015-06-23,64,Male,32,2,0,1,0,never,1,spinal,,B,82,1,home,0,0,5,9.55,0,0
C0039,P0067,Site B,S3,TKA,R,2015-06-28,67,Male,28.4,2,1,1,0,never,2,spinal,,B,65,1,home,0,0,5,2.89,1,1
C0040,P0089,Site B,S1,TKA,R,2015-07-08,58,Female,18,1,0,1,0,never,0,spinal,,A,77,0,home,0,0,5,0.34,0,0
C0041,P0244,Site B,S3,TKA,L,2015-07-09,55,Female,25.8,2,0,1,0,never,0,spinal,,A,72,1,home,0,0,5,4.92,0,0
C0042,P0360,Site A,S1,THA,L,2015-07-12,56,Female,27.2,2,0,0,1,never,0,general,anterior,A,57,0,home,0,0,5,10.47,0,0
C0043,P0085,Site A,S2,THA,L,2015-07-18,64,Female,30,3,0,1,0,former,2,general,anterior,A,86,1,home,0,0,5,2.26,0,0
C0044,P0209,Site B,S1,TKA,L,2015-07-21,83,Male,26.6,3,0,1,0,former,1,spinal,,A,92,1,facility,0,1,5,9.9,2,0
C0045,P0113,Site B,S1,TKA,R,2015-07-30,55,Female,33.4,3,0,0,0,never,1,spinal,,A,87,0,home,0,0,5,5.16,0,0
C0046,P0140,Site B,S2,TKA,R,2015-07-31,76,Female,33.2,2,0,1,0,former,0,spinal,,A,93,0,home,0,0,5,10.42,0,0
C0047,P0199,Site B,S1,TKA,R,2015-08-14,59,Female,30.5,2,0,0,1,never,0,spinal,,B,84,0,home,0,0,5,10.38,0,0
C0048,P0310,Site A,S2,TKA,R,2015-08-17,64,Female,24.6,3,0,0,0,current,2,spinal,,A,51,2,home,0,0,4,10.37,0,0
C0049,P0181,Site A,S1,TKA,R,2015-08-21,54,Female,30.2,2,1,0,0,never,1,spinal,,A,62,1,home,1,0,,10.36,0,0
C0050,P0218,Site A,S2,TKA,L,2015-08-21,63,Male,25.8,2,0,0,0,former,1,general,,A,98,0,home,0,0,4,10.36,0,0
C0051,P0484,Site A,S1,TKA,R,2015-08-30,71,Male,32.1,2,0,0,0,never,1,spinal,,B,86,0,home,0,0,3,10.34,0,0
C0052,P0227,Site B,S3,THA,R,2015-09-05,66,Female,31.2,2,0,1,0,former,0,general,anterior,B,87,2,home,0,1,3,10.32,0,0
C0053,P0287,Site B,S1,TKA,L,2015-09-08,69,Female,18.3,2,1,1,0,never,4,spinal,,B,64,0,home,0,0,5,10.31,0,0
C0054,P0459,Site A,S3,TKA,L,2015-09-12,51,Male,29.2,2,0,0,0,never,0,spinal,,B,115,0,home,0,0,3,10.3,0,0
C0055,P0038,Site A,S1,THA,L,2015-09-18,67,Female,25.6,3,1,0,1,never,0,spinal,posterior,B,80,0,home,0,0,5,10.29,0,0
C0056,P0476,Site A,S2,TKA,L,2015-09-26,68,Female,32.8,3,1,1,0,never,0,general,,A,106,0,home,0,0,4,5.41,0,0
C0057,P0065,Site B,S2,THA,R,2015-10-05,63,Male,31.1,2,0,1,0,former,0,spinal,posterior,B,83,1,home,0,0,5,10.24,0,0
C0058,P0372,Site B,S3,TKA,L,2015-10-10,62,Female,38.1,4,1,1,1,former,1,spinal,,B,71,0,home,0,1,5,10.23,0,0
C0059,P0194,Site A,S3,TKA,R,2015-10-13,64,Female,25.9,2,0,1,0,never,0,general,,A,98,0,home,1,0,3,10.22,0,0
C0060,P0082,Site B,S2,THA,R,2015-10-28,64,Male,29.5,2,0,0,1,never,1,general,posterior,B,82,0,home,0,0,2,1.53,0,0
C0061,P0177,Site B,S1,THA,L,2015-10-28,50,Male,31.3,3,0,0,0,former,0,spinal,anterior,B,96,0,home,0,0,5,0.23,0,0
C0062,P0009,Site B,S2,TKA,R,2015-11-01,63,Male,38.1,3,0,1,0,never,0,general,,A,104,1,home,0,0,5,10.17,0,0
C0063,P0298,Site A,S2,THA,R,2015-11-08,56,Male,38.6,2,0,1,0,never,1,spinal,anterior,C,95,3,home,0,0,4,1.76,0,0
C0064,P0469,Site B,S3,TKA,R,2015-11-08,56,Male,35.6,2,0,0,0,former,2,spinal,,B,91,1,home,0,0,5,8.81,0,0
C0065,P0296,Site B,S2,THA,L,2015-11-10,51,Male,31.6,2,0,1,0,former,0,spinal,posterior,A,92,1,home,0,0,5,8.48,0,0
C0066,P0034,Site A,S2,THA,L,2015-11-15,56,Male,26.9,3,0,0,0,never,0,spinal,anterior,A,65,0,home,0,1,5,10.13,0,0
C0067,P0510,Site A,S1,TKA,L,2015-12-04,61,Female,40,3,1,1,1,former,1,general,,A,117,1,home,0,1,3,10.08,0,0
C0068,P0016,Site A,S1,THA,L,2015-12-10,83,Female,28.3,3,0,0,0,never,3,spinal,anterior,C,68,1,home,0,1,5,0.92,0,0
C0069,P0088,Site A,S2,THA,R,2015-12-11,53,Female,18,2,0,1,0,never,1,spinal,anterior,B,61,2,home,0,0,4,10.06,0,0
C0070,P0026,Site B,S1,TKA,R,2015-12-29,57,Female,33.3,2,0,1,0,never,0,spinal,,B,77,1,home,0,0,5,10.01,0,0
C0071,P0210,Site A,S3,THA,R,2016-01-04,70,Male,21.5,1,0,1,0,never,1,spinal,anterior,B,45,2,home,0,0,5,9.99,0,0
C0072,P0424,Site B,S1,TKA,R,2016-01-05,54,Male,26.8,2,0,1,0,former,1,spinal,,A,113,1,home,0,1,5,9.99,0,0
C0073,P0023,Site B,S3,TKA,R,2016-01-07,77,Male,31.9,2,0,1,1,former,1,spinal,,A,112,4,facility,0,0,,3.9,2,0
C0074,P0477,Site A,S2,TKA,R,2016-01-11,62,Female,28,2,0,1,0,never,0,spinal,,A,80,1,home,0,0,5,9.97,0,0
C0075,P0496,Site A,S1,TKA,L,2016-01-28,53,Male,33.4,2,0,1,1,current,0,spinal,,B,75,0,home,0,0,1,4.99,0,0
C0076,P0109,Site A,S3,TKA,R,2016-02-01,69,Female,39.3,3,0,1,0,current,1,general,,C,116,3,home,0,1,3,9.91,0,0
C0077,P0370,Site A,S2,TKA,R,2016-02-10,80,Male,36.8,3,0,1,1,never,1,spinal,,C,112,1,facility,0,0,5,9.58,0,0
C0078,P0436,Site B,S2,THA,R,2016-02-10,73,Female,21.4,2,0,0,1,never,0,spinal,anterior,B,71,2,home,0,0,5,9.89,0,0
C0079,P0356,Site A,S1,TKA,R,2016-02-19,76,Female,27.7,3,0,1,0,former,1,spinal,,C,112,1,home,0,0,5,3.69,0,0
C0080,P0437,Site B,S1,THA,L,2016-02-26,64,Female,19.3,2,0,0,0,former,1,general,anterior,C,68,1,home,0,0,5,9.85,0,0
C0081,P0048,Site A,S3,THA,R,2016-03-03,68,Female,25.1,2,0,1,0,former,1,spinal,anterior,A,73,2,home,0,0,3,9.83,0,0
C0082,P0218,Site A,S2,TKA,R,2016-03-04,63,Male,25.3,3,0,0,0,former,1,spinal,,B,96,0,home,0,0,5,9.83,0,0
C0083,P0420,Site A,S1,THA,L,2016-03-05,65,Female,27.1,3,1,1,0,never,2,general,posterior,C,81,0,home,1,0,5,7.74,0,0
C0084,P0512,Site A,S2,THA,L,2016-03-15,65,Male,30.7,2,0,1,1,former,1,spinal,posterior,C,76,0,home,0,0,5,9.8,0,0
C0085,P0017,Site B,S2,THA,L,2016-03-25,70,Female,30,2,1,1,0,former,1,spinal,posterior,C,81,2,home,0,0,5,9.77,0,0
C0086,P0074,Site A,S2,THA,R,2016-03-26,54,Female,26.8,2,0,1,0,current,0,spinal,posterior,A,67,0,home,0,0,5,9.77,0,0
C0087,P0339,Site A,S2,TKA,L,2016-04-04,79,Female,35.2,3,0,1,1,former,1,spinal,,A,93,0,facility,0,0,3,7.49,0,0
C0088,P0281,Site B,S2,TKA,L,2016-04-26,72,Female,28.8,3,0,1,0,never,1,spinal,,A,76,0,home,0,0,4,9.68,0,0
C0089,P0095,Site B,S1,THA,L,2016-04-27,61,Female,30.5,3,0,1,0,former,1,spinal,anterior,C,92,1,home,0,0,5,9.68,0,0
C0090,P0407,Site B,S2,THA,R,2016-04-27,79,Male,38.8,3,0,1,0,current,5,spinal,posterior,B,77,2,home,0,0,4,9.68,0,0
C0091,P0186,Site B,S3,THA,R,2016-04-28,57,Male,24.9,2,0,0,0,never,0,spinal,posterior,A,89,0,home,0,0,4,3.84,0,0
C0092,P0036,Site B,S1,TKA,L,2016-04-29,56,Male,27.1,2,0,0,0,never,0,spinal,,B,73,0,home,0,0,4,9.67,0,0
C0093,P0478,Site B,S1,THA,R,2016-05-02,75,Male,34.9,3,1,1,1,former,4,spinal,anterior,A,73,0,home,0,0,3,6.55,2,0
C0094,P0043,Site B,S1,TKA,L,2016-05-03,44,Female,38.8,3,0,0,0,former,1,general,,C,93,0,home,0,0,5,9.66,0,0
C0095,P0435,Site A,S3,TKA,R,2016-05-08,78,Female,21.1,1,0,0,0,never,1,spinal,,A,64,0,home,0,0,5,9.65,0,0
C0096,P0364,Site A,S2,TKA,L,2016-05-13,55,Male,29.1,2,0,0,0,former,2,spinal,,B,87,0,home,0,0,4,9.63,0,0
C0097,P0142,Site A,S3,THA,L,2016-05-19,53,Male,32.2,2,0,0,0,never,0,spinal,posterior,B,81,2,home,0,0,1,9.62,0,0
C0098,P0414,Site A,S1,TKA,R,2016-05-26,70,Female,27.4,3,1,1,0,never,1,spinal,,A,77,0,home,0,0,1,0.75,0,0
C0099,P0004,Site B,S1,TKA,L,2016-05-31,74,Female,29.5,2,0,0,0,current,1,general,,B,67,2,home,0,0,5,1.77,1,1
C0100,P0356,Site A,S2,TKA,L,2016-06-03,76,Female,27.4,2,0,1,0,former,1,spinal,,B,79,0,home,0,0,5,3.4,0,0
C0101,P0114,Site A,S1,TKA,L,2016-06-05,69,Female,27.6,2,0,0,0,never,0,spinal,,C,73,0,home,1,0,5,9.57,0,0
C0102,P0221,Site B,S2,THA,R,2016-06-07,72,Female,28.1,3,0,1,1,former,0,spinal,posterior,A,72,0,home,0,0,5,0.46,1,1
C0103,P0272,Site A,S1,THA,L,2016-06-09,68,Female,28.7,3,0,1,0,never,0,spinal,posterior,A,45,1,home,0,0,4,6.12,1,1
C0104,P0183,Site A,S3,THA,R,2016-06-13,81,Female,29,3,0,1,0,current,1,spinal,posterior,A,89,3,home,0,0,5,6.55,2,0
C0105,P0131,Site A,S1,TKA,L,2016-06-18,85,Male,30.7,2,0,1,0,former,3,spinal,,A,98,1,home,0,0,3,2.18,2,0
C0106,P0378,Site B,S1,TKA,L,2016-06-25,72,Male,31,3,0,1,0,former,0,spinal,,B,77,0,facility,0,1,5,9.47,0,0
C0107,P0276,Site A,S2,THA,R,2016-06-26,66,Female,33.4,2,0,1,0,never,0,spinal,posterior,A,91,0,home,0,0,5,0.1,1,1
C0108,P0353,Site B,S1,THA,L,2016-06-27,53,Male,26.8,3,0,0,1,never,0,spinal,posterior,A,84,2,home,0,0,4,9.51,0,0
C0109,P0112,Site B,S3,TKA,R,2016-06-30,64,Male,29.9,1,0,1,1,never,1,general,,B,54,0,home,0,0,5,9.5,0,0
C0110,P0267,Site B,S2,THA,L,2016-07-02,66,Female,29.7,3,0,0,0,current,0,spinal,anterior,C,86,0,home,0,1,,9.5,0,0
C0111,P0165,Site A,S1,THA,R,2016-07-12,71,Male,29,1,0,0,0,former,1,general,posterior,B,99,0,home,0,0,,9.47,0,0
C0112,P0030,Site B,S1,TKA,R,2016-07-14,68,Female,31,3,0,1,0,never,0,spinal,,C,85,3,home,0,0,4,4.84,0,0
C0113,P0159,Site A,S1,THA,R,2016-07-18,62,Male,34.4,3,0,1,0,never,0,spinal,posterior,C,91,0,facility,0,0,4,9.45,0,0
C0114,P0305,Site B,S1,THA,L,2016-07-26,65,Female,20.7,2,0,0,0,former,1,spinal,anterior,C,45,0,home,0,0,2,9.43,0,0
C0115,P0118,Site A,S3,TKA,R,2016-07-31,75,Female,26.7,3,0,0,0,never,1,spinal,,B,82,1,home,0,1,5,9.42,0,0
C0116,P0078,Site B,S1,THA,R,2016-08-08,59,Male,33,2,0,1,0,former,0,spinal,anterior,C,96,1,home,0,0,3,0.6,0,0
C0117,P0514,Site B,S2,TKA,L,2016-08-09,77,Male,35.1,3,0,1,0,former,4,spinal,,C,90,0,home,0,0,5,0.95,1,1
C0118,P0062,Site B,S1,TKA,R,2016-08-10,66,Female,28.3,3,0,1,1,never,1,general,,B,98,3,home,0,0,5,9.39,0,0
C0119,P0211,Site A,S2,THA,L,2016-08-10,59,Male,33.5,2,0,1,1,never,2,spinal,posterior,A,84,0,home,0,0,3,9.39,0,0
C0120,P0136,Site B,S3,TKA,R,2016-08-13,68,Female,39.2,3,0,1,0,current,0,general,,B,109,0,home,0,0,5,9.38,0,0
C0121,P0296,Site B,S2,THA,R,2016-08-17,51,Male,31.3,2,0,1,0,former,2,spinal,posterior,C,74,0,home,0,0,5,7.71,0,0
C0122,P0344,Site B,S1,TKA,R,2016-08-24,64,Female,34.8,2,0,0,0,never,0,spinal,,B,76,0,home,0,1,2,9.35,0,0
C0123,P0133,Site A,S1,THA,L,2016-09-18,60,Male,24.1,3,0,1,0,former,0,spinal,anterior,C,103,1,home,0,0,5,9.28,0,0
C0124,P0233,Site B,S1,TKA,R,2016-09-18,52,Female,36.6,2,0,1,0,never,0,general,,C,79,0,home,0,0,5,0.6,0,0
C0125,P0310,Site A,S3,TKA,L,2016-09-26,65,Female,25.2,2,0,0,0,current,0,spinal,,C,87,0,home,0,0,4,9.26,0,0
C0126,P0401,Site B,S1,THA,L,2016-10-04,81,Male,31.1,2,0,1,0,never,2,spinal,posterior,C,99,2,home,0,0,,6.76,2,0
C0127,P0312,Site B,S1,TKA,L,2016-10-08,76,Male,30.1,3,0,0,0,never,1,spinal,,B,80,1,home,0,0,4,9.23,0,0
C0128,P0409,Site B,S2,TKA,L,2016-10-14,59,Female,32.3,1,0,1,0,never,0,general,,A,74,0,home,0,0,1,9.21,0,0
C0129,P0029,Site B,S2,TKA,R,2016-10-16,63,Male,33.3,2,0,1,0,former,0,general,,B,102,3,home,0,0,,3.55,0,0
C0130,P0012,Site B,S1,THA,L,2016-10-20,70,Male,33.4,2,1,0,0,current,1,spinal,posterior,C,67,0,home,0,0,,9.2,0,0
C0131,P0113,Site B,S3,TKA,L,2016-10-25,56,Female,33.7,1,0,0,0,never,0,general,,A,90,0,home,0,0,4,3.92,0,0
C0132,P0051,Site A,S2,THA,L,2016-10-31,63,Male,34.3,3,1,1,0,never,1,spinal,anterior,C,55,2,home,0,0,,9.17,0,0
C0133,P0228,Site B,S1,TKA,L,2016-10-31,73,Female,24.7,3,0,0,0,never,2,spinal,,C,77,0,facility,0,0,,7.69,2,0
C0134,P0008,Site A,S2,THA,L,2016-11-05,64,Female,22.2,2,0,1,0,never,0,spinal,posterior,C,70,0,home,0,0,5,9.15,0,0
C0135,P0445,Site B,S1,THA,L,2016-11-12,76,Female,29.6,3,0,0,0,never,0,spinal,posterior,A,92,0,facility,0,0,5,0.28,1,1
C0136,P0432,Site B,S3,TKA,R,2016-11-24,58,Female,23.8,2,0,0,0,never,1,spinal,,A,106,0,home,0,0,4,3.74,0,0
C0137,P0265,Site B,S1,TKA,L,2016-11-28,76,Female,36,3,0,1,0,former,3,spinal,,A,96,0,home,0,0,4,9.09,0,0
C0138,P0247,Site A,S2,TKA,L,2016-12-05,54,Male,34.5,3,0,0,1,never,0,general,,A,97,0,home,0,0,4,9.07,0,0
C0139,P0431,Site A,S3,TKA,L,2016-12-05,58,Female,28.6,1,0,0,0,former,2,spinal,,A,66,1,home,0,0,5,8.14,0,0
C0140,P0444,Site B,S1,TKA,R,2016-12-08,60,Male,23.8,2,0,1,0,never,0,spinal,,C,67,1,home,0,0,4,9.06,0,0
C0141,P0216,Site A,S2,THA,R,2016-12-09,43,Male,28.3,2,0,0,0,never,0,general,anterior,A,68,0,home,0,0,1,4.45,0,0
C0142,P0063,Site B,S2,THA,L,2016-12-15,63,Female,30.5,2,0,1,1,current,0,spinal,posterior,A,81,6,home,0,0,5,0.62,1,1
C0143,P0223,Site B,S1,TKA,R,2016-12-22,69,Male,44.1,4,1,1,0,never,2,spinal,,A,104,0,facility,0,0,,9.02,0,0
C0144,P0201,Site B,S3,TKA,L,2016-12-23,52,Male,34.4,2,0,1,0,never,2,spinal,,C,127,0,home,0,0,5,1.34,1,1
C0145,P0335,Site A,S1,TKA,R,2016-12-24,65,Male,33.3,3,0,1,0,never,2,spinal,,C,111,0,home,0,1,,9.02,0,0
C0146,P0225,Site B,S2,TKA,L,2016-12-28,76,Female,34.5,3,0,1,0,never,0,spinal,,C,115,0,home,0,0,4,9.01,0,0
C0147,P0043,Site B,S1,TKA,R,2017-01-09,44,Female,38.9,2,0,0,0,former,0,spinal,,A,83,1,home,0,0,5,8.97,0,0
C0148,P0508,Site B,S3,TKA,R,2017-01-11,50,Female,30.8,2,0,0,0,current,0,spinal,,A,75,0,home,0,1,4,8.97,0,0
C0149,P0139,Site B,S1,TKA,R,2017-01-14,79,Male,32.8,3,0,1,0,former,4,spinal,,B,118,1,home,0,0,5,6.76,1,1
C0150,P0019,Site A,S3,TKA,L,2017-01-16,68,Male,29.1,4,0,0,0,current,1,spinal,,B,71,0,facility,0,0,5,8.96,0,0
C0151,P0511,Site B,S2,TKA,L,2017-01-26,81,Male,30.9,3,0,1,0,current,1,spinal,,A,104,0,home,0,0,4,8.93,0,0
C0152,P0339,Site A,S2,TKA,R,2017-02-07,79,Female,35.7,3,0,1,1,former,3,spinal,,A,99,0,facility,0,1,4,6.65,0,0
C0153,P0031,Site A,S3,TKA,L,2017-02-12,54,Male,34.1,3,0,0,0,never,0,spinal,,A,89,2,home,0,0,5,8.88,0,0
C0154,P0359,Site B,S2,THA,L,2017-02-15,70,Female,32.7,3,0,1,0,former,1,spinal,posterior,A,92,1,home,0,0,,1.63,2,0
C0155,P0487,Site B,S1,THA,R,2017-02-18,72,Male,32.3,4,1,1,0,never,4,spinal,posterior,B,90,2,home,0,0,4,8.87,0,0
C0156,P0393,Site A,S1,THA,L,2017-03-02,80,Female,35.1,3,0,0,0,former,1,spinal,anterior,B,90,9,home,0,1,4,8.16,2,0
C0157,P0190,Site B,S2,TKA,R,2017-03-09,63,Female,29,3,0,0,0,never,0,general,,A,96,1,home,0,0,4,8.81,0,0
C0158,P0485,Site B,S2,THA,R,2017-03-30,72,Male,28,3,0,1,0,never,1,spinal,anterior,B,78,0,home,0,0,4,0.6,0,0
C0159,P0024,Site A,S2,TKA,L,2017-03-31,71,Female,30.4,2,0,1,0,former,1,spinal,,B,106,1,facility,0,0,5,4.83,1,1
C0160,P0399,Site B,S2,TKA,L,2017-04-02,49,Female,29.8,2,1,0,0,former,2,spinal,,C,54,0,home,0,0,4,0.05,0,0
C0161,P0141,Site A,S2,THA,R,2017-04-09,73,Male,24.8,2,0,0,0,former,0,spinal,posterior,A,57,0,home,0,0,5,5.42,1,1
C0162,P0149,Site B,S1,THA,L,2017-04-14,67,Female,36,3,1,1,0,never,1,general,anterior,B,60,3,home,0,0,4,8.71,0,0
C0163,P0439,Site A,S1,THA,L,2017-04-14,74,Female,26.8,3,0,1,0,never,1,spinal,anterior,A,80,0,home,0,0,5,8.71,0,0
C0164,P0094,Site B,S2,THA,R,2017-04-22,73,Male,25.8,2,1,1,0,never,0,spinal,posterior,A,71,1,home,0,0,5,8.69,0,0
C0165,P0482,Site B,S1,TKA,L,2017-04-22,66,Male,21.8,2,0,0,0,never,0,spinal,,C,62,0,facility,0,0,5,8.69,0,0
C0166,P0012,Site B,S2,THA,R,2017-04-24,70,Male,34.1,3,1,0,0,current,4,spinal,anterior,B,90,0,home,0,0,5,8.69,0,0
C0167,P0315,Site A,S1,THA,L,2017-04-26,53,Female,34.7,2,0,0,0,never,1,general,anterior,A,76,0,home,0,0,,8.68,0,0
C0168,P0468,Site B,S3,TKA,L,2017-04-29,81,Female,21.3,3,0,1,0,current,3,spinal,,B,75,1,home,0,0,4,8.67,0,0
C0169,P0466,Site B,S1,THA,L,2017-05-03,55,Male,26.7,2,1,0,0,current,0,general,anterior,A,76,1,home,0,0,5,8.66,0,0
C0170,P0084,Site B,S2,THA,R,2017-05-04,65,Female,28.8,2,0,1,0,former,1,spinal,anterior,B,85,0,home,0,0,5,8.66,0,0
C0171,P0346,Site B,S1,THA,R,2017-05-04,68,Male,18,1,0,0,0,never,1,general,posterior,B,69,6,home,0,0,4,2.95,0,0
C0172,P0267,Site B,S3,THA,R,2017-05-16,66,Female,30.2,2,0,0,0,current,0,spinal,posterior,B,64,2,home,0,0,4,0.25,1,1
C0173,P0147,Site B,S2,THA,R,2017-05-23,73,Female,37.5,3,0,1,1,current,2,spinal,posterior,B,105,2,home,0,0,5,8.61,0,0
C0174,P0440,Site B,S1,TKA,L,2017-05-26,54,Female,30.9,2,1,0,1,current,0,spinal,,A,93,0,home,0,0,4,8.6,0,0
C0175,P0169,Site A,S2,THA,R,2017-05-28,71,Female,25.1,2,0,1,0,never,0,general,posterior,C,55,4,home,0,0,5,8.59,0,0
C0176,P0326,Site B,S3,THA,R,2017-06-03,68,Female,25.4,2,1,0,0,never,1,spinal,posterior,A,60,1,home,0,0,2,8.58,0,0
C0177,P0193,Site A,S1,TKA,L,2017-06-08,73,Female,25.5,3,0,1,1,never,2,spinal,,B,84,1,home,0,0,4,5.24,0,0
C0178,P0096,Site B,S2,TKA,R,2017-06-15,69,Male,20.7,2,0,0,0,never,0,spinal,,B,87,1,home,0,1,3,8.54,0,0
C0179,P0467,Site A,S2,TKA,L,2017-06-19,42,Female,33.5,2,0,0,0,former,0,spinal,,B,81,0,home,0,0,5,8.53,0,0
C0180,P0358,Site B,S3,TKA,L,2017-06-29,53,Male,26.8,2,0,0,0,never,0,general,,A,103,0,home,0,0,5,8.51,0,0
C0181,P0352,Site A,S3,TKA,R,2017-07-07,60,Female,30.1,3,1,0,1,never,2,spinal,,B,72,0,home,0,0,5,8.48,0,0
C0182,P0402,Site A,S3,TKA,L,2017-07-23,58,Male,31.5,3,0,1,0,never,2,spinal,,B,85,1,home,0,0,,6.48,0,0
C0183,P0512,Site A,S3,THA,R,2017-07-26,66,Male,31.1,2,0,1,1,former,0,spinal,anterior,B,62,0,home,0,0,5,8.43,0,0
C0184,P0015,Site B,S2,THA,R,2017-08-04,64,Female,35,4,1,0,0,former,1,spinal,anterior,A,131,0,home,1,0,5,8.41,0,0
C0185,P0350,Site A,S1,THA,L,2017-08-13,72,Female,32.3,3,0,1,0,never,0,spinal,posterior,C,83,0,home,0,0,4,0.01,1,1
C0186,P0446,Site B,S2,THA,R,2017-08-14,65,Male,38,3,0,0,0,never,0,spinal,anterior,C,98,2,home,0,0,3,8.38,0,0
C0187,P0432,Site B,S2,TKA,L,2017-08-15,58,Female,23,2,0,0,0,never,0,general,,B,65,0,home,0,1,4,3.01,0,0
C0188,P0331,Site A,S2,TKA,L,2017-08-19,66,Male,35.3,3,0,1,1,former,1,spinal,,A,62,0,home,0,0,5,8.37,0,0
C0189,P0517,Site B,S2,THA,R,2017-08-19,75,Male,36.1,2,0,1,0,never,0,spinal,anterior,B,105,0,home,0,0,5,8.37,0,0
C0190,P0148,Site B,S2,THA,R,2017-08-20,62,Male,32.1,2,0,1,1,current,2,spinal,posterior,B,67,3,home,0,0,5,8.36,0,0
C0191,P0028,Site A,S2,TKA,L,2017-08-25,53,Female,29.5,3,0,1,1,former,0,spinal,,B,87,1,home,0,1,5,8.35,0,0
C0192,P0010,Site B,S1,THA,R,2017-08-31,69,Male,38.3,3,1,1,0,never,2,spinal,anterior,A,107,0,home,0,0,4,8.33,0,0
C0193,P0207,Site B,S3,THA,L,2017-08-31,56,Female,30.7,2,0,1,0,never,0,spinal,posterior,C,54,1,home,0,0,4,2.61,1,1
C0194,P0454,Site A,S2,THA,R,2017-09-04,58,Female,34.2,2,0,0,0,former,1,spinal,posterior,C,97,1,home,0,0,4,0.32,1,1
C0195,P0332,Site A,S1,THA,R,2017-09-16,53,Male,28,3,0,1,0,never,0,general,posterior,B,62,0,home,0,0,5,8.29,0,0
C0196,P0401,Site B,S3,THA,R,2017-09-19,81,Male,30.4,3,0,1,0,never,3,spinal,anterior,A,78,1,home,0,0,4,5.8,2,0
C0197,P0337,Site B,S3,TKA,R,2017-09-22,64,Female,38,2,0,1,1,current,0,spinal,,A,90,0,home,0,0,4,1.26,0,0
C0198,P0123,Site A,S2,THA,L,2017-10-03,58,Female,35.5,3,1,1,0,never,0,spinal,posterior,A,58,1,home,0,0,5,5.8,0,0
C0199,P0292,Site A,S1,THA,R,2017-10-10,81,Female,33.9,2,0,1,0,never,2,general,anterior,A,77,4,home,0,0,4,0.53,1,1
C0200,P0249,Site B,S2,THA,R,2017-10-13,56,Female,35.5,3,0,1,0,current,1,spinal,anterior,B,86,1,home,0,0,4,8.22,0,0
C0201,P0092,Site A,S2,THA,L,2017-10-15,62,Male,30,1,0,0,0,never,2,general,anterior,A,79,0,home,0,0,,8.21,0,0
C0202,P0167,Site A,S3,TKA,R,2017-10-15,51,Male,39.3,3,0,1,0,never,0,spinal,,A,84,1,home,0,0,3,8.21,0,0
C0203,P0203,Site A,S2,TKA,L,2017-10-22,57,Male,34.3,3,0,1,0,former,1,spinal,,C,66,0,home,0,0,2,8.19,0,0
C0204,P0518,Site A,S2,TKA,L,2017-10-27,57,Female,26.6,2,0,0,0,never,0,spinal,,B,75,2,home,0,1,5,8.18,0,0
C0205,P0402,Site A,S1,TKA,R,2017-11-02,58,Male,31.2,3,0,1,0,never,0,spinal,,C,91,0,home,0,0,4,6.2,0,0
C0206,P0236,Site B,S3,TKA,R,2017-11-06,65,Female,23.8,2,0,0,0,never,0,spinal,,A,73,1,home,0,0,1,8.15,0,0
C0207,P0380,Site B,S1,TKA,R,2017-11-07,72,Female,24.8,2,0,1,0,former,0,spinal,,B,85,0,home,0,1,,8.15,0,0
C0208,P0466,Site B,S1,THA,R,2017-11-07,55,Male,26.8,2,1,0,0,current,0,spinal,anterior,C,69,0,home,0,0,4,8.15,0,0
C0209,P0304,Site A,S2,TKA,L,2017-11-08,70,Female,28.4,2,0,1,0,never,0,general,,A,94,1,home,0,1,2,3.87,2,0
C0210,P0456,Site B,S1,THA,L,2017-11-18,66,Male,18,3,0,0,0,former,2,spinal,posterior,A,71,2,home,0,0,4,1.94,0,0
C0211,P0252,Site A,S1,TKA,L,2017-11-21,78,Male,30.6,2,0,0,0,former,0,general,,A,102,0,home,0,0,,6.47,2,0
C0212,P0283,Site A,S3,TKA,R,2017-11-24,78,Female,27.2,3,0,1,0,former,1,spinal,,B,89,0,home,0,0,4,8.1,0,0
C0213,P0393,Site A,S1,THA,R,2017-11-24,80,Female,34.7,3,0,0,0,former,1,spinal,anterior,A,76,4,home,1,0,3,7.43,2,0
C0214,P0071,Site A,S3,THA,R,2017-11-27,57,Male,33.2,3,0,0,1,former,0,spinal,posterior,A,71,2,home,0,0,5,8.09,0,0
C0215,P0068,Site A,S2,TKA,L,2017-11-28,80,Female,22.9,2,1,1,0,never,1,general,,B,78,0,home,0,0,5,8.09,0,0
C0216,P0493,Site A,S3,THA,R,2017-11-29,58,Female,34.2,2,0,0,0,current,1,spinal,posterior,B,63,1,home,0,0,4,8.09,0,0
C0217,P0056,Site A,S1,THA,R,2017-12-04,51,Female,20.1,1,0,0,0,never,0,spinal,posterior,B,64,0,home,0,0,,8.07,0,0
C0218,P0426,Site A,S1,TKA,L,2017-12-06,67,Female,45.7,3,0,1,0,never,0,spinal,,C,97,1,home,0,0,4,3.41,0,0
C0219,P0325,Site B,S2,TKA,R,2017-12-19,82,Male,40.2,4,1,1,0,former,6,spinal,,C,103,3,home,0,1,4,8.03,0,0
C0220,P0245,Site A,S2,TKA,R,2017-12-30,61,Female,31.5,2,0,0,0,never,0,spinal,,A,70,1,home,0,0,5,8,0,0
C0221,P0155,Site A,S1,TKA,R,2018-01-14,63,Male,40.4,3,0,1,1,former,0,spinal,,B,111,0,home,0,0,5,7.96,0,0
C0222,P0313,Site A,S2,TKA,R,2018-01-25,59,Female,35.5,2,0,0,1,never,0,spinal,,C,91,0,home,0,0,3,7.93,0,0
C0223,P0411,Site A,S1,TKA,L,2018-01-29,85,Female,26.8,3,0,0,0,former,3,general,,A,81,1,home,0,0,,7.92,0,0
C0224,P0427,Site B,S3,TKA,R,2018-02-02,62,Male,30.1,3,0,0,0,former,0,spinal,,B,107,2,home,0,0,4,7.91,0,0
C0225,P0473,Site A,S2,TKA,R,2018-02-11,59,Female,30,1,0,1,0,never,1,general,,B,67,0,home,0,0,5,1.98,0,0
C0226,P0277,Site A,S2,TKA,L,2018-02-14,64,Male,28.1,2,0,1,0,former,0,general,,A,82,1,home,0,0,,7.88,0,0
C0227,P0416,Site B,S2,TKA,R,2018-02-19,74,Male,18,2,0,1,0,never,0,spinal,,B,45,0,home,0,0,3,0.62,0,0
C0228,P0115,Site B,S1,TKA,R,2018-02-27,74,Female,33.1,3,0,1,0,former,1,spinal,,B,106,0,home,0,0,,7.84,0,0
C0229,P0087,Site B,S2,TKA,R,2018-03-07,66,Male,31.2,2,0,0,0,never,1,spinal,,C,111,3,home,0,0,4,7.82,0,0
C0230,P0103,Site B,S3,TKA,R,2018-03-15,53,Male,32.2,2,0,1,0,never,0,spinal,,C,90,1,home,1,0,4,7.4,1,1
C0231,P0231,Site B,S3,THA,L,2018-03-18,54,Female,28.4,2,0,0,0,former,1,spinal,posterior,C,95,0,home,0,0,1,1.26,0,0
C0232,P0208,Site B,S2,THA,R,2018-03-20,62,Female,29.5,2,0,0,0,never,0,general,posterior,C,97,0,home,0,0,5,7.78,0,0
C0233,P0050,Site A,S1,TKA,R,2018-03-22,71,Male,24.1,3,0,0,0,never,0,spinal,,B,83,4,home,0,1,5,7.78,0,0
C0234,P0184,Site A,S1,TKA,R,2018-03-24,79,Male,22.2,2,0,1,0,never,2,spinal,,C,89,4,home,1,0,4,4.34,0,0
C0235,P0138,Site B,S1,THA,L,2018-03-31,64,Male,26.1,2,0,1,0,never,1,spinal,posterior,A,66,0,home,0,0,5,7.42,0,0
C0236,P0448,Site A,S1,TKA,L,2018-05-01,72,Male,36.9,2,0,1,1,never,3,spinal,,A,109,2,home,1,0,5,6.2,0,0
C0237,P0375,Site B,S1,TKA,R,2018-05-03,65,Female,23.5,2,0,1,0,never,0,general,,A,82,3,home,0,0,4,3.26,1,1
C0238,P0406,Site B,S1,TKA,L,2018-05-13,69,Female,36.7,3,0,0,0,never,2,general,,A,81,2,home,0,0,4,7.64,0,0
C0239,P0028,Site A,S2,TKA,R,2018-05-15,53,Female,30,2,0,1,1,former,0,spinal,,A,72,0,home,0,0,1,3.14,1,1
C0240,P0379,Site B,S1,TKA,L,2018-05-17,64,Female,28.7,3,0,1,0,former,0,spinal,,A,93,1,home,0,0,5,7.62,0,0
C0241,P0441,Site B,S3,THA,L,2018-05-17,58,Female,32.8,2,0,0,0,never,1,spinal,posterior,A,59,1,home,0,0,4,7.62,0,0
C0242,P0319,Site B,S3,TKA,L,2018-05-30,78,Female,31.5,3,0,0,0,never,0,general,,A,102,0,home,0,0,4,7.37,2,0
C0243,P0314,Site B,S2,TKA,L,2018-06-04,79,Female,33.4,3,0,1,0,current,2,spinal,,B,103,4,facility,0,0,4,7.58,0,0
C0244,P0266,Site A,S3,TKA,R,2018-06-05,74,Male,39.6,3,0,1,0,never,0,spinal,,A,82,2,home,0,1,4,7.57,0,0
C0245,P0404,Site A,S3,THA,R,2018-06-10,59,Male,34.5,2,0,1,0,never,1,spinal,posterior,C,94,0,home,0,0,4,7.56,0,0
C0246,P0456,Site B,S1,THA,R,2018-06-13,66,Male,18,2,0,0,0,former,1,spinal,anterior,A,67,1,home,0,0,5,1.38,0,0
C0247,P0150,Site A,S3,THA,R,2018-06-15,65,Male,32.9,2,0,1,1,never,1,spinal,anterior,B,69,0,home,0,1,5,5.48,2,0
C0248,P0274,Site B,S3,TKA,L,2018-06-19,72,Female,18.4,2,0,0,0,former,1,general,,C,63,3,facility,0,0,5,0.7,2,0
C0249,P0520,Site A,S2,TKA,L,2018-06-26,55,Male,30.5,2,0,0,0,never,0,general,,A,101,0,home,0,0,3,7.52,0,0
C0250,P0371,Site A,S2,TKA,L,2018-07-01,56,Female,37.3,2,0,0,0,never,0,spinal,,C,94,3,home,0,0,5,2.25,1,1
C0251,P0153,Site A,S3,THA,R,2018-07-07,59,Male,28.5,2,0,0,0,never,0,spinal,posterior,B,71,0,home,0,0,5,7.49,0,0
C0252,P0518,Site A,S1,TKA,R,2018-07-17,57,Female,26.4,2,0,0,0,never,1,spinal,,C,63,0,home,0,0,5,7.46,0,0
C0253,P0440,Site B,S1,TKA,R,2018-07-18,55,Female,33,2,1,0,1,current,0,spinal,,C,115,0,home,0,0,2,5.56,1,1
C0254,P0167,Site A,S3,TKA,L,2018-07-20,51,Male,39.4,2,0,1,0,never,0,general,,A,87,1,home,0,0,3,7.45,0,0
C0255,P0452,Site A,S3,THA,R,2018-07-24,53,Female,27.7,2,0,0,0,never,0,general,posterior,B,90,0,home,0,0,3,4.56,1,1
C0256,P0031,Site A,S2,TKA,R,2018-07-29,55,Male,34.3,2,0,0,0,never,0,spinal,,A,88,0,home,0,0,5,7.43,0,0
C0257,P0010,Site B,S2,THA,L,2018-07-31,69,Male,38.8,3,1,1,0,never,1,spinal,posterior,B,78,0,home,0,0,4,4.47,1,1
C0258,P0006,Site B,S2,TKA,L,2018-08-08,57,Female,25.5,1,0,0,0,never,0,spinal,,A,70,1,home,0,0,,2.21,0,0
C0259,P0260,Site A,S2,TKA,L,2018-08-13,66,Female,40.9,3,0,1,0,never,0,general,,B,76,1,home,0,0,5,7.38,0,0
C0260,P0442,Site A,S3,TKA,R,2018-08-16,78,Female,38.1,4,1,1,0,former,1,spinal,,B,112,0,home,0,0,5,7.38,0,0
C0261,P0473,Site A,S1,TKA,L,2018-08-25,59,Female,30.8,2,0,1,0,never,1,spinal,,B,101,0,home,0,0,,1.45,0,0
C0262,P0025,Site A,S1,THA,L,2018-08-29,61,Male,18,2,0,0,0,never,1,spinal,posterior,A,45,0,home,0,0,4,7.34,0,0
C0263,P0187,Site A,S2,TKA,R,2018-08-29,70,Female,31.2,2,0,1,0,former,0,general,,B,92,0,home,0,0,2,3.59,0,0
C0264,P0480,Site B,S2,THA,R,2018-08-29,64,Female,21.8,2,0,0,0,never,1,general,anterior,A,57,0,home,0,0,2,7.34,0,0
C0265,P0394,Site A,S2,TKA,L,2018-08-31,64,Male,37.8,2,0,0,0,never,1,general,,A,102,0,home,0,0,5,7.33,0,0
C0266,P0428,Site B,S3,TKA,L,2018-09-03,47,Female,29.4,2,0,1,0,current,0,spinal,,B,81,0,home,0,0,5,7.33,0,0
C0267,P0121,Site A,S3,TKA,R,2018-09-11,72,Female,29.7,2,0,0,0,former,1,spinal,,C,91,0,home,0,0,5,4.99,0,0
C0268,P0116,Site B,S1,TKA,R,2018-09-20,67,Female,34,3,1,1,0,former,2,general,,C,77,0,home,1,0,5,7.28,0,0
C0269,P0169,Site A,S3,THA,L,2018-09-22,72,Female,24.5,2,0,1,0,never,2,spinal,anterior,C,80,0,home,0,0,,7.27,0,0
C0270,P0349,Site A,S3,TKA,L,2018-10-09,62,Female,34.4,3,1,0,0,former,1,general,,C,71,0,home,0,0,3,1.86,1,1
C0271,P0105,Site B,S3,TKA,L,2018-10-16,53,Male,40.6,3,0,0,0,former,1,spinal,,B,94,2,home,0,0,4,7.21,0,0
C0272,P0336,Site A,S2,TKA,R,2018-10-19,70,Female,19.8,2,0,0,0,never,1,spinal,,B,56,0,home,0,1,4,7.2,0,0
C0273,P0403,Site A,S2,TKA,R,2018-10-25,75,Female,27.6,3,0,1,0,current,2,general,,A,76,0,home,0,0,4,2.27,2,0
C0274,P0052,Site A,S2,THA,R,2018-10-27,71,Male,27.4,3,0,0,0,never,3,spinal,anterior,C,99,0,home,0,0,5,5.25,2,0
C0275,P0175,Site B,S1,TKA,L,2018-10-27,53,Male,32.3,2,0,1,0,former,0,spinal,,C,90,0,home,0,0,5,6.49,0,0
C0276,P0093,Site A,S3,THA,L,2018-11-03,59,Female,27.5,2,0,1,1,never,0,spinal,anterior,C,67,0,home,0,0,4,7.16,0,0
C0277,P0400,Site B,S2,TKA,L,2018-11-22,78,Male,37.4,3,0,1,0,former,2,spinal,,B,96,0,home,0,0,5,7.11,0,0
C0278,P0189,Site A,S2,THA,R,2018-11-25,70,Female,34,3,0,1,0,former,5,spinal,anterior,A,101,2,facility,0,0,2,7.1,0,0
C0279,P0248,Site B,S2,TKA,L,2018-12-08,50,Male,29.1,1,0,1,1,never,1,spinal,,B,76,0,home,0,0,,7.06,0,0
C0280,P0122,Site A,S2,TKA,R,2018-12-12,51,Female,34,2,0,0,0,never,1,general,,B,81,1,home,0,0,5,7.05,0,0
C0281,P0240,Site B,S2,TKA,L,2019-01-08,75,Male,29.4,3,0,1,0,former,0,spinal,,A,77,3,home,0,0,4,6.98,0,0
C0282,P0290,Site B,S1,TKA,L,2019-01-11,66,Male,31.6,3,0,0,0,former,1,spinal,,A,80,1,home,0,0,5,2.78,0,0
C0283,P0091,Site B,S1,TKA,L,2019-01-12,73,Male,33.3,2,0,0,1,former,0,spinal,,B,90,0,home,0,0,5,2.29,0,0
C0284,P0100,Site B,S2,THA,R,2019-01-14,84,Male,25.4,3,1,0,0,former,4,spinal,anterior,B,60,4,home,0,0,5,1.22,2,0
C0285,P0417,Site A,S2,THA,R,2019-01-16,65,Female,23.1,1,0,1,0,never,0,spinal,posterior,A,87,0,home,0,0,5,6.96,0,0
C0286,P0224,Site A,S1,THA,L,2019-01-19,65,Male,35.8,3,0,1,0,former,0,spinal,anterior,C,77,0,home,0,0,5,6.95,0,0
C0287,P0406,Site B,S1,TKA,R,2019-01-19,69,Female,36.6,3,0,0,0,never,0,spinal,,A,112,0,home,0,0,4,6.95,0,0
C0288,P0328,Site A,S3,TKA,R,2019-01-23,69,Female,32.8,1,0,0,0,never,2,spinal,,A,91,1,home,0,0,5,4.74,2,0
C0289,P0232,Site A,S3,TKA,R,2019-02-05,71,Male,31.1,3,0,0,1,never,2,spinal,,C,116,0,home,0,0,4,6.9,0,0
C0290,P0307,Site B,S3,THA,L,2019-02-06,69,Female,28,2,0,1,0,never,1,spinal,anterior,A,74,1,home,0,0,4,6.9,0,0
C0291,P0195,Site B,S1,TKA,R,2019-02-10,63,Male,29.9,3,0,0,1,never,2,spinal,,B,75,0,home,0,0,5,6.89,0,0
C0292,P0060,Site A,S2,TKA,R,2019-02-11,71,Female,26.7,2,0,1,0,former,2,spinal,,A,89,2,home,0,0,,6,0,0
C0293,P0283,Site A,S1,TKA,L,2019-02-12,79,Female,27.1,2,0,1,0,former,2,spinal,,C,106,3,home,0,0,4,6.88,0,0
C0294,P0489,Site A,S1,THA,L,2019-02-13,72,Female,29,3,0,0,0,former,0,general,posterior,C,52,0,home,0,0,5,6.88,0,0
C0295,P0458,Site A,S3,THA,L,2019-02-16,59,Female,28.5,2,0,1,0,former,2,general,posterior,A,65,0,home,0,0,3,0.21,1,1
C0296,P0365,Site B,S2,TKA,L,2019-02-19,72,Female,36.8,3,1,1,1,former,0,spinal,,C,78,0,home,0,1,4,5.49,1,1
C0297,P0304,Site A,S3,TKA,R,2019-03-15,71,Female,27.9,2,0,1,0,never,0,general,,A,81,2,home,0,0,,2.52,2,0
C0298,P0368,Site B,S1,THA,R,2019-03-29,65,Female,28.8,2,1,1,0,former,2,spinal,posterior,B,97,0,home,1,0,4,5.64,0,0
C0299,P0385,Site A,S3,THA,R,2019-04-04,57,Male,29.6,1,0,0,0,former,1,spinal,posterior,C,64,0,home,0,0,4,6.74,0,0
C0300,P0246,Site A,S3,THA,L,2019-04-13,55,Female,31.8,2,0,0,0,never,0,general,anterior,C,76,1,home,0,1,5,6.72,0,0
C0301,P0355,Site A,S1,TKA,R,2019-04-14,54,Male,26.7,2,0,1,0,never,1,spinal,,B,69,2,home,0,0,4,6.72,0,0
C0302,P0119,Site A,S1,THA,R,2019-04-27,60,Male,33.5,2,0,0,0,never,0,spinal,posterior,A,70,0,home,0,0,4,6.68,0,0
C0303,P0055,Site A,S3,THA,L,2019-04-28,67,Male,25.8,2,0,0,0,never,1,spinal,anterior,B,84,0,home,0,0,3,6.68,0,0
C0304,P0333,Site A,S1,TKA,L,2019-04-30,65,Female,37.7,2,0,0,0,former,0,general,,A,101,0,home,0,0,3,6.67,0,0
C0305,P0501,Site B,S1,TKA,L,2019-05-03,73,Male,28.8,3,0,0,0,never,2,spinal,,A,113,1,home,0,1,,6.66,0,0
C0306,P0217,Site A,S1,TKA,R,2019-05-05,53,Female,27.3,1,0,0,0,former,0,spinal,,A,79,0,home,0,0,5,3.93,0,0
C0307,P0208,Site B,S1,THA,L,2019-05-07,63,Female,29.6,2,0,0,0,never,1,spinal,posterior,C,76,0,home,0,0,4,6.65,0,0
C0308,P0254,Site B,S3,THA,L,2019-05-10,76,Female,31.5,2,0,0,0,never,2,general,posterior,A,76,0,home,0,0,5,6.64,0,0
C0309,P0472,Site B,S3,THA,L,2019-05-10,74,Male,23.5,3,0,1,0,never,3,spinal,posterior,A,76,1,home,0,0,3,0.2,0,0
C0310,P0465,Site A,S1,THA,R,2019-05-14,62,Female,31.4,3,0,0,1,current,2,spinal,anterior,B,88,2,home,0,0,5,1.63,0,0
C0311,P0172,Site A,S3,THA,R,2019-05-23,79,Female,23.7,2,0,0,0,never,1,spinal,posterior,B,70,0,home,0,1,4,0.36,1,1
C0312,P0262,Site A,S3,TKA,L,2019-05-25,61,Female,34.5,3,0,1,0,never,0,spinal,,A,74,1,home,0,0,4,6.6,0,0
C0313,P0042,Site A,S3,TKA,L,2019-05-26,72,Female,32.5,2,0,0,1,never,0,spinal,,A,74,0,home,0,0,5,6.6,0,0
C0314,P0306,Site A,S1,TKA,L,2019-06-01,70,Female,39.5,3,0,0,1,never,1,spinal,,B,116,1,home,0,0,4,6.58,0,0
C0315,P0417,Site A,S2,THA,L,2019-06-04,65,Female,21.9,2,0,1,0,never,0,spinal,posterior,B,57,0,home,0,0,5,6.58,0,0
C0316,P0005,Site B,S3,THA,L,2019-06-07,65,Female,27.2,2,0,0,0,former,2,spinal,anterior,A,77,3,home,0,0,1,5.95,0,0
C0317,P0160,Site A,S1,THA,R,2019-06-09,62,Female,30.1,1,0,0,0,never,0,spinal,posterior,B,91,0,home,0,0,3,0.94,1,1
C0318,P0086,Site A,S1,TKA,R,2019-06-20,66,Male,25.9,2,0,0,0,former,0,general,,A,79,1,home,0,0,,0.26,2,0
C0319,P0219,Site A,S3,TKA,L,2019-06-23,67,Female,32.6,2,0,1,1,never,0,general,,C,82,2,home,0,0,5,6.52,0,0
C0320,P0303,Site A,S3,TKA,R,2019-07-02,68,Male,25.6,2,0,0,0,never,0,general,,C,94,3,home,0,0,5,6.5,0,0
C0321,P0251,Site A,S1,TKA,R,2019-07-04,62,Female,38,3,0,1,1,never,4,spinal,,A,115,5,home,0,0,4,2.41,1,1
C0322,P0053,Site A,S1,TKA,R,2019-07-05,61,Female,29.2,3,0,0,0,former,0,spinal,,C,89,1,home,0,0,2,6.02,1,1
C0323,P0421,Site B,S3,TKA,L,2019-07-16,55,Female,38.6,3,0,0,0,former,0,spinal,,A,86,0,home,0,0,2,6.46,0,0
C0324,P0099,Site A,S2,THA,L,2019-07-24,83,Male,27.3,2,0,1,0,never,1,spinal,posterior,A,70,0,home,0,0,5,6.44,0,0
C0325,P0516,Site B,S1,THA,L,2019-07-30,77,Male,26.7,3,0,1,0,former,3,general,posterior,A,75,5,home,0,0,4,6.42,0,0
C0326,P0070,Site B,S2,TKA,L,2019-08-05,75,Male,28.6,3,0,1,0,never,0,spinal,,C,79,3,home,0,0,5,6.41,0,0
C0327,P0184,Site A,S2,TKA,L,2019-08-11,80,Male,22.7,3,0,1,0,never,2,spinal,,C,75,4,home,0,0,4,2.95,0,0
C0328,P0268,Site A,S2,TKA,L,2019-08-11,59,Male,28.9,2,0,1,0,former,0,spinal,,B,68,0,home,0,0,4,4.79,1,1
C0329,P0500,Site A,S1,THA,R,2019-08-12,77,Female,31.5,3,0,1,0,never,0,general,posterior,B,79,0,home,0,0,5,5.19,2,0
C0330,P0120,Site A,S3,THA,L,2019-08-20,70,Female,28.5,2,0,0,0,never,0,general,posterior,B,112,2,home,0,0,5,0.99,2,0
C0331,P0011,Site B,S3,THA,R,2019-08-23,66,Female,33.8,3,1,0,1,never,1,spinal,anterior,A,104,0,home,0,0,5,6.36,0,0
C0332,P0375,Site B,S2,TKA,L,2019-08-23,66,Female,22.5,2,0,1,0,never,1,spinal,,B,88,0,home,0,0,4,6.36,0,0
C0333,P0257,Site A,S2,THA,R,2019-08-28,56,Female,28,1,0,0,0,never,1,spinal,posterior,C,91,0,home,0,0,4,0.3,1,1
C0334,P0301,Site B,S3,TKA,L,2019-08-28,68,Female,19.6,1,0,1,0,current,1,spinal,,A,63,1,home,0,0,,6.34,0,0
C0335,P0386,Site A,S1,THA,L,2019-09-03,51,Female,36.1,1,0,0,0,never,0,spinal,posterior,A,90,0,home,0,0,3,6.33,0,0
C0336,P0442,Site A,S1,TKA,L,2019-09-05,79,Female,37.9,3,1,1,0,former,1,spinal,,B,88,1,facility,0,0,4,6.32,0,0
C0337,P0483,Site B,S2,TKA,L,2019-09-24,59,Female,28.4,2,0,0,0,never,0,spinal,,B,78,0,home,0,0,4,6.27,0,0
C0338,P0226,Site A,S1,TKA,R,2019-10-04,69,Female,40.8,3,0,1,1,never,0,general,,C,113,3,home,0,0,4,4.03,1,1
C0339,P0443,Site B,S2,THA,R,2019-10-06,72,Female,33.8,3,0,1,1,former,2,spinal,anterior,A,111,4,home,1,0,5,1.97,0,0
C0340,P0367,Site A,S2,THA,R,2019-10-07,59,Female,24.1,3,0,1,0,former,1,general,posterior,B,67,0,home,0,0,4,6.23,0,0
C0341,P0125,Site A,S2,THA,R,2019-10-08,71,Female,32.4,3,0,0,0,former,0,general,posterior,A,87,3,home,0,0,5,6.23,0,0
C0342,P0137,Site A,S2,THA,L,2019-10-17,69,Male,26,2,0,1,0,former,1,general,anterior,B,71,2,home,0,0,5,6.21,0,0
C0343,P0355,Site A,S2,TKA,L,2019-10-21,54,Male,26.4,2,0,1,0,never,0,spinal,,A,68,0,home,0,0,,6.2,0,0
C0344,P0054,Site A,S2,TKA,R,2019-10-25,77,Male,25.8,3,1,1,0,former,1,spinal,,A,55,1,facility,0,1,5,6.18,0,0
C0345,P0425,Site A,S2,TKA,L,2019-10-26,70,Female,26,2,0,1,0,never,0,spinal,,C,63,1,home,0,0,5,0.19,1,1
C0346,P0013,Site A,S2,TKA,R,2019-11-05,69,Female,32.4,3,0,1,0,former,0,general,,A,78,0,home,0,0,,6.15,0,0
C0347,P0214,Site B,S3,THA,R,2019-11-05,65,Female,18.9,2,0,0,0,never,0,spinal,posterior,A,67,0,home,0,0,,0.54,0,0
C0348,P0327,Site A,S3,TKA,R,2019-11-06,66,Female,34.7,3,0,0,0,never,0,spinal,,A,74,1,facility,0,0,5,5.22,1,1
C0349,P0058,Site A,S3,TKA,L,2019-11-13,58,Male,34.3,2,0,1,0,never,0,spinal,,A,128,2,home,0,0,4,6.13,0,0
C0350,P0282,Site B,S2,TKA,L,2019-11-20,79,Male,20,1,0,0,0,never,3,spinal,,C,68,0,home,0,0,,2.93,1,1
C0351,P0363,Site A,S3,TKA,R,2019-12-02,81,Male,30.7,3,0,1,0,current,1,spinal,,B,74,3,facility,0,0,2,6.08,0,0
C0352,P0039,Site A,S3,THA,L,2019-12-05,70,Female,40.6,4,1,1,0,never,4,spinal,posterior,A,98,3,home,0,0,4,6.07,0,0
C0353,P0289,Site A,S2,TKA,L,2019-12-08,42,Female,33.5,1,0,0,0,never,0,general,,A,45,0,home,0,0,5,1.77,1,1
C0354,P0188,Site B,S2,THA,L,2019-12-18,64,Female,31.5,3,0,0,0,never,0,spinal,posterior,A,73,0,home,0,0,5,6.04,0,0
C0355,P0373,Site B,S3,TKA,R,2019-12-26,66,Female,30.7,2,0,1,0,former,0,spinal,,A,82,0,home,0,0,4,6.02,0,0
C0356,P0047,Site A,S1,THA,R,2019-12-27,51,Male,35.1,2,0,0,0,never,0,spinal,posterior,A,84,0,home,0,0,,0.05,1,1
C0357,P0294,Site B,S2,THA,L,2020-01-02,67,Female,25.5,2,0,0,0,former,0,general,anterior,A,51,2,home,0,0,4,6,0,0
C0358,P0152,Site A,S1,TKA,R,2020-01-09,62,Male,36.1,3,0,0,0,never,2,general,,B,94,0,home,0,0,5,5.98,0,0
C0359,P0035,Site B,S3,THA,R,2020-01-14,70,Female,28.5,2,0,0,0,former,0,spinal,anterior,A,74,0,home,0,0,4,1.08,0,0
C0360,P0215,Site A,S1,TKA,R,2020-01-16,58,Male,26.8,2,0,0,0,former,0,spinal,,B,82,1,home,0,0,5,5.96,0,0
C0361,P0374,Site B,S1,TKA,L,2020-01-22,57,Female,34.5,3,1,1,0,never,0,spinal,,C,103,0,home,0,0,5,4.52,0,0
C0362,P0450,Site A,S2,TKA,L,2020-01-24,57,Male,26.2,2,0,0,0,former,1,spinal,,A,82,1,home,0,0,5,1.4,0,0
C0363,P0413,Site A,S2,TKA,R,2020-02-05,85,Female,39.1,4,1,1,1,never,2,spinal,,B,98,1,home,0,0,5,1.95,2,0
C0364,P0127,Site B,S3,TKA,L,2020-02-09,67,Female,32.9,2,0,0,0,current,1,spinal,,B,81,0,home,0,0,4,5.89,0,0
C0365,P0098,Site A,S2,THA,R,2020-02-10,56,Male,34.5,2,0,0,0,former,0,spinal,anterior,C,103,1,home,0,0,,3.02,0,0
C0366,P0239,Site A,S1,TKA,L,2020-02-12,73,Female,26.8,3,1,0,0,current,2,spinal,,C,131,3,home,0,0,3,4.09,1,1
C0367,P0197,Site B,S2,TKA,R,2020-02-13,60,Male,24.4,2,0,0,0,former,0,spinal,,B,55,0,home,0,0,3,2.38,0,0
C0368,P0269,Site A,S3,TKA,R,2020-02-15,73,Female,37.1,3,0,1,0,never,1,general,,A,91,0,home,0,0,5,5.88,0,0
C0369,P0040,Site A,S2,TKA,R,2020-02-19,77,Male,22.7,2,0,1,1,never,0,spinal,,A,54,1,facility,0,0,4,5.86,0,0
C0370,P0100,Site B,S1,THA,L,2020-02-19,85,Male,24,2,1,0,0,former,1,spinal,anterior,A,70,4,home,0,0,5,0.13,2,0
C0371,P0075,Site B,S3,THA,L,2020-02-22,73,Male,28.2,2,0,1,0,never,0,spinal,anterior,B,69,0,home,0,1,3,4.98,0,0
C0372,P0322,Site A,S1,THA,R,2020-02-26,68,Female,33.5,3,0,0,0,former,0,general,anterior,B,73,3,home,0,0,5,1.66,0,0
C0373,P0102,Site A,S1,TKA,L,2020-02-27,53,Female,38.2,3,0,0,1,never,0,spinal,,A,81,0,home,0,0,5,5.84,0,0
C0374,P0327,Site A,S3,TKA,L,2020-03-03,66,Female,33,1,0,0,0,never,2,spinal,,A,81,2,home,0,0,5,5.83,0,0
C0375,P0385,Site A,S1,THA,L,2020-03-04,57,Male,29.3,2,0,0,0,former,0,general,posterior,A,55,1,home,0,0,3,5.83,0,0
C0376,P0465,Site A,S1,THA,L,2020-03-19,62,Female,32,2,0,0,1,current,1,general,posterior,C,105,0,home,0,0,5,0.41,1,1
C0377,P0037,Site A,S2,THA,R,2020-03-28,60,Female,37.5,4,1,1,0,former,2,general,posterior,A,76,2,home,0,0,5,0.38,0,0
C0378,P0020,Site A,S1,THA,R,2020-04-02,57,Female,31.3,3,0,0,0,never,0,general,posterior,C,72,1,home,0,0,,4.54,1,1
C0379,P0412,Site B,S2,TKA,L,2020-04-06,72,Male,25.3,2,0,1,0,never,3,spinal,,A,67,3,facility,0,0,5,3.38,1,1
C0380,P0300,Site A,S2,TKA,R,2020-04-08,65,Male,36.1,2,0,0,0,current,0,spinal,,B,126,0,home,0,1,,5.73,0,0
C0381,P0351,Site A,S1,TKA,L,2020-04-09,59,Female,29.8,2,0,1,0,never,0,spinal,,A,83,0,home,0,0,4,4.09,1,1
C0382,P0261,Site B,S2,TKA,R,2020-04-17,71,Male,25,1,0,0,0,never,0,general,,B,104,0,home,0,0,5,5.71,0,0
C0383,P0461,Site B,S3,TKA,L,2020-05-01,83,Female,41.9,3,1,0,0,never,3,spinal,,A,85,9,home,1,0,5,5.67,0,0
C0384,P0347,Site A,S2,THA,L,2020-05-03,73,Male,30.7,3,0,1,0,never,2,spinal,anterior,B,60,0,home,0,0,4,5.66,0,0
C0385,P0395,Site B,S3,TKA,L,2020-05-25,80,Female,38.2,2,0,1,0,former,3,spinal,,A,93,1,home,0,0,5,5.6,0,0
C0386,P0470,Site B,S3,TKA,R,2020-05-25,62,Female,24.3,1,0,0,1,never,0,spinal,,B,71,0,home,0,0,5,5.6,0,0
C0387,P0035,Site B,S1,THA,L,2020-06-04,70,Female,28.1,2,0,0,0,former,1,spinal,posterior,C,100,1,home,0,0,3,0.33,1,1
C0388,P0418,Site A,S3,THA,R,2020-06-06,65,Female,30.8,2,0,1,1,former,0,spinal,posterior,A,70,3,home,0,0,5,5.57,0,0
C0389,P0341,Site B,S2,THA,L,2020-06-13,59,Male,25,2,0,0,0,never,0,general,anterior,A,59,1,home,0,0,5,5.55,0,0
C0390,P0421,Site B,S1,TKA,R,2020-06-25,55,Female,38.9,2,0,0,0,former,0,spinal,,A,104,0,home,0,0,4,5.52,0,0
C0391,P0125,Site A,S1,THA,L,2020-07-09,71,Female,32.3,3,0,0,0,former,1,spinal,posterior,C,56,6,home,0,0,4,0.04,1,1
C0392,P0241,Site A,S3,TKA,R,2020-07-15,63,Female,41.8,3,1,1,0,never,2,spinal,,A,103,0,facility,0,0,3,5.46,0,0
C0393,P0321,Site A,S1,TKA,R,2020-07-17,76,Female,38.9,3,0,1,0,never,0,spinal,,A,111,2,home,0,1,4,4.34,2,0
C0394,P0077,Site B,S3,TKA,L,2020-08-06,60,Male,32.2,2,0,0,0,never,2,spinal,,B,95,2,home,0,0,,5.4,0,0
C0395,P0254,Site B,S2,THA,R,2020-08-06,77,Female,31.7,3,0,0,0,never,2,spinal,anterior,A,74,0,facility,0,1,4,3.7,1,1
C0396,P0143,Site A,S1,TKA,L,2020-08-12,40,Female,36.8,1,0,0,0,never,0,spinal,,A,96,0,home,1,0,5,2.75,2,0
C0397,P0021,Site A,S2,TKA,L,2020-08-24,56,Female,30.6,1,0,0,0,never,1,general,,B,92,1,home,0,0,5,5.35,0,0
C0398,P0294,Site B,S3,THA,R,2020-08-30,67,Female,26,2,0,0,0,former,0,general,anterior,A,81,6,home,0,0,4,5.34,0,0
C0399,P0073,Site B,S1,TKA,R,2020-09-01,85,Male,41.6,3,0,1,0,former,3,general,,A,96,2,home,1,0,5,5.33,0,0
C0400,P0455,Site A,S1,TKA,R,2020-09-03,70,Male,37.9,3,0,0,0,never,1,spinal,,A,94,0,home,0,0,4,5.33,0,0
C0401,P0137,Site A,S1,THA,R,2020-09-06,69,Male,24.6,2,0,1,0,former,1,spinal,posterior,B,76,0,home,0,0,5,5.32,0,0
C0402,P0239,Site A,S3,TKA,R,2020-09-14,73,Female,28.3,1,1,0,0,current,3,spinal,,B,77,0,home,0,0,3,3.84,2,0
C0403,P0020,Site A,S1,THA,L,2020-09-15,57,Female,30.3,2,0,0,0,never,0,spinal,posterior,A,62,0,home,0,0,4,5.29,0,0
C0404,P0366,Site B,S1,THA,L,2020-09-15,50,Female,28,1,0,0,0,never,0,spinal,anterior,B,82,1,home,0,0,5,0.49,1,1
C0405,P0369,Site B,S1,THA,L,2020-10-09,58,Male,29.7,2,0,1,0,current,0,spinal,anterior,B,94,0,home,0,0,4,5.23,0,0
C0406,P0166,Site B,S2,TKA,R,2020-10-21,74,Male,32.9,3,0,1,0,never,2,spinal,,A,93,0,home,0,0,5,3.41,2,0
C0407,P0280,Site A,S2,TKA,R,2020-10-21,59,Female,32.8,2,0,0,0,former,0,spinal,,A,78,1,home,0,0,,5.19,0,0
C0408,P0206,Site A,S1,TKA,R,2020-10-31,67,Female,32.7,2,0,0,0,former,0,spinal,,B,81,0,home,0,0,1,2.79,0,0
C0409,P0156,Site A,S3,THA,L,2020-11-02,64,Female,29,2,0,1,0,never,2,spinal,anterior,A,78,0,home,0,0,5,1.68,2,0
C0410,P0278,Site A,S1,THA,L,2020-11-15,62,Male,30.8,3,0,0,0,former,0,spinal,anterior,A,73,0,home,0,0,2,1.19,0,0
C0411,P0499,Site A,S1,THA,R,2020-11-19,66,Female,34.4,3,0,1,0,never,0,spinal,posterior,A,77,0,home,0,0,5,5.11,0,0
C0412,P0182,Site A,S1,THA,R,2020-11-23,63,Female,28.8,2,0,1,0,never,1,general,anterior,A,79,1,home,0,0,5,0.01,0,0
C0413,P0282,Site B,S2,TKA,R,2020-12-02,80,Male,20.4,2,0,0,0,never,1,general,,B,46,5,home,0,0,4,5.08,0,0
C0414,P0255,Site B,S2,TKA,R,2020-12-04,51,Male,33,2,0,0,0,former,0,spinal,,A,119,1,home,0,0,4,5.07,0,0
C0415,P0164,Site A,S1,THA,R,2020-12-13,71,Male,25.1,2,0,0,1,former,1,spinal,anterior,A,75,0,home,0,0,,2.32,0,0
C0416,P0453,Site B,S1,TKA,R,2020-12-24,76,Male,28.1,3,0,1,0,never,0,general,,A,90,0,home,0,0,4,5.02,0,0
C0417,P0014,Site A,S1,THA,R,2021-01-01,59,Female,25.5,3,0,1,0,former,2,spinal,posterior,B,48,1,home,0,0,5,5,0,0
C0418,P0200,Site B,S2,TKA,L,2021-01-07,69,Female,24.5,2,0,1,0,never,1,general,,B,99,0,home,0,0,5,4.98,0,0
C0419,P0382,Site A,S3,THA,L,2021-02-15,60,Female,28.7,2,0,1,0,never,0,spinal,posterior,B,75,4,home,0,0,5,3.42,0,0
C0420,P0143,Site A,S2,TKA,R,2021-02-19,40,Female,35.6,2,0,0,0,never,0,spinal,,B,90,0,home,0,0,3,2.22,2,0
C0421,P0398,Site A,S1,THA,R,2021-03-01,74,Male,36.2,3,0,1,0,never,2,general,anterior,C,84,0,home,0,0,,3.94,1,1
C0422,P0519,Site A,S2,THA,R,2021-03-01,63,Male,21.2,2,0,0,0,never,1,spinal,posterior,A,52,1,home,0,0,4,4.84,0,0
C0423,P0419,Site B,S1,TKA,L,2021-03-03,64,Male,33.2,3,0,0,0,never,0,spinal,,A,71,1,home,0,0,5,4.83,0,0
C0424,P0054,Site A,S2,TKA,L,2021-03-08,78,Male,25,3,1,1,0,former,1,spinal,,B,84,0,home,0,0,5,1.86,1,1
C0425,P0318,Site B,S1,TKA,R,2021-03-15,59,Female,34.1,2,0,0,1,former,0,spinal,,B,75,1,home,0,0,2,4.8,0,0
C0426,P0018,Site B,S3,THA,L,2021-03-22,71,Male,33.1,2,0,0,0,current,3,spinal,anterior,A,93,0,home,0,0,5,4.04,0,0
C0427,P0433,Site A,S1,TKA,L,2021-03-22,72,Male,27.6,2,0,0,0,former,1,spinal,,B,73,0,home,0,0,3,4.78,0,0
C0428,P0491,Site A,S1,TKA,L,2021-03-24,62,Female,39.3,2,1,0,0,former,1,spinal,,B,102,0,home,0,0,2,4.77,0,0
C0429,P0481,Site B,S2,THA,L,2021-03-26,76,Male,36.6,2,0,1,1,former,0,spinal,anterior,A,82,2,home,0,1,5,4.77,0,0
C0430,P0076,Site A,S1,THA,L,2021-04-01,60,Male,31.6,2,0,0,0,former,0,spinal,posterior,A,45,0,home,0,0,4,4.75,0,0
C0431,P0392,Site B,S1,TKA,L,2021-04-02,69,Male,29.8,2,0,0,0,never,0,spinal,,C,81,0,home,1,0,5,4.75,0,0
C0432,P0001,Site A,S1,THA,L,2021-04-07,68,Female,35.4,3,0,1,0,never,0,spinal,anterior,B,102,4,home,0,0,5,4.73,0,0
C0433,P0108,Site A,S1,TKA,R,2021-04-26,60,Female,24.9,3,0,0,0,never,1,spinal,,B,70,2,home,0,0,4,4.68,0,0
C0434,P0293,Site A,S2,TKA,R,2021-05-14,67,Female,37,3,0,0,1,never,2,spinal,,A,105,1,home,0,0,5,2.03,0,0
C0435,P0504,Site A,S1,TKA,L,2021-05-21,74,Male,32.1,3,0,1,0,never,2,general,,B,72,0,home,0,1,4,4.61,0,0
C0436,P0513,Site A,S2,TKA,L,2021-05-25,60,Female,32,2,0,1,1,never,1,spinal,,C,101,1,home,0,0,4,4.6,0,0
C0437,P0134,Site A,S1,THA,L,2021-05-26,57,Female,35.9,3,0,1,0,never,1,spinal,posterior,A,84,1,home,0,0,5,4.6,0,0
C0438,P0222,Site A,S2,TKA,R,2021-06-07,54,Female,18,1,0,0,0,never,2,spinal,,B,75,0,home,0,0,4,4.57,0,0
C0439,P0264,Site B,S2,TKA,R,2021-06-07,80,Male,30,3,0,0,0,former,1,general,,B,76,2,facility,0,0,4,3.95,0,0
C0440,P0083,Site B,S3,THA,R,2021-06-09,77,Female,22,3,0,1,0,current,1,spinal,posterior,C,62,0,home,0,0,5,4.56,0,0
C0441,P0308,Site A,S3,THA,R,2021-06-11,74,Female,30,3,0,0,0,former,3,spinal,anterior,A,67,2,home,0,0,5,4.56,0,0
C0442,P0007,Site A,S2,THA,L,2021-06-21,71,Male,21.1,2,0,0,0,former,0,spinal,anterior,B,54,0,home,0,1,4,4.53,0,0
C0443,P0061,Site B,S3,THA,R,2021-06-29,85,Female,32.5,2,0,0,0,former,3,general,posterior,C,68,1,home,0,0,,4.51,0,0
C0444,P0073,Site B,S2,TKA,L,2021-07-03,85,Male,41.1,3,0,1,0,former,3,spinal,,A,94,0,home,0,1,5,4.5,0,0
C0445,P0295,Site B,S1,TKA,R,2021-07-06,62,Female,27.1,2,0,0,0,never,1,spinal,,B,85,1,home,0,0,5,4.49,0,0
C0446,P0066,Site A,S3,TKA,R,2021-07-09,51,Female,31.5,3,0,0,0,former,0,spinal,,B,90,5,home,0,0,4,4.48,0,0
C0447,P0069,Site A,S2,TKA,L,2021-07-13,62,Male,38.4,2,0,1,1,former,1,spinal,,A,87,0,home,1,0,5,4.47,0,0
C0448,P0220,Site B,S3,TKA,R,2021-07-17,71,Male,33,3,0,1,0,former,0,spinal,,B,85,0,home,0,0,4,0.37,0,0
C0449,P0032,Site B,S2,THA,R,2021-07-20,73,Female,18.4,2,0,1,0,never,1,general,posterior,B,72,3,home,0,0,,3.07,0,0
C0450,P0049,Site A,S1,TKA,L,2021-07-29,57,Female,27.8,2,0,1,0,former,0,spinal,,A,77,1,home,1,0,5,4.42,0,0
C0451,P0389,Site B,S3,TKA,R,2021-08-18,63,Female,36,3,0,1,0,former,1,general,,A,100,0,home,0,1,2,0.49,0,0
C0452,P0090,Site B,S2,THA,R,2021-08-19,68,Female,34.2,2,0,1,0,current,0,spinal,anterior,C,79,0,home,1,0,5,4.37,0,0
C0453,P0204,Site A,S1,THA,R,2021-08-24,73,Female,33.6,3,0,0,0,former,2,spinal,posterior,B,67,3,home,0,0,4,4.35,0,0
C0454,P0288,Site A,S1,TKA,R,2021-08-24,82,Female,32.7,3,0,1,0,former,0,spinal,,C,90,0,home,0,0,,4.35,0,0
C0455,P0132,Site A,S2,THA,L,2021-08-31,72,Female,22.7,4,0,0,0,former,3,spinal,anterior,A,79,10,home,0,0,3,4.33,0,0
C0456,P0357,Site B,S1,THA,R,2021-08-31,57,Female,47.5,3,0,1,1,former,1,spinal,posterior,C,89,0,facility,0,0,4,4.33,0,0
C0457,P0064,Site B,S2,THA,R,2021-09-01,56,Male,32.7,2,0,1,0,never,1,general,posterior,A,73,0,home,0,0,5,0.39,1,1
C0458,P0108,Site A,S1,TKA,L,2021-09-14,60,Female,25.2,2,0,0,0,never,1,spinal,,B,74,0,home,0,0,5,4.3,0,0
C0459,P0083,Site B,S2,THA,L,2021-10-07,77,Female,21.5,2,0,1,0,current,3,spinal,posterior,A,75,0,home,0,0,4,4.23,0,0
C0460,P0271,Site B,S1,THA,R,2021-10-12,76,Female,23.3,2,0,1,0,former,3,spinal,posterior,B,80,4,home,0,0,4,4.22,0,0
C0461,P0174,Site A,S2,TKA,L,2021-10-13,61,Male,37.9,3,0,0,1,former,1,spinal,,B,108,2,home,0,0,5,4.22,0,0
C0462,P0258,Site A,S3,THA,L,2021-11-02,55,Female,37.6,2,0,1,1,never,1,spinal,anterior,A,83,0,home,0,0,,4.16,0,0
C0463,P0348,Site A,S1,TKA,L,2021-11-03,53,Female,36.4,2,0,1,1,former,1,spinal,,B,78,0,home,0,0,5,4.16,0,0
C0464,P0324,Site A,S3,THA,R,2021-11-04,58,Female,32.3,2,0,1,0,never,1,spinal,posterior,B,106,3,home,0,0,1,2.99,0,0
C0465,P0299,Site A,S3,TKA,R,2021-11-10,85,Male,35.9,4,1,1,1,former,1,spinal,,A,82,1,home,0,1,5,4.14,0,0
C0466,P0384,Site A,S1,TKA,L,2021-11-12,55,Male,30.2,2,0,1,0,never,2,spinal,,A,78,0,home,0,0,4,4.13,0,0
C0467,P0230,Site B,S2,THA,L,2021-11-16,72,Male,26.5,2,0,0,0,former,1,spinal,posterior,B,78,3,home,0,1,5,1.5,2,0
C0468,P0479,Site A,S1,THA,R,2021-11-16,72,Female,28.9,3,1,0,0,former,0,spinal,anterior,A,73,1,home,0,0,3,4.12,0,0
C0469,P0285,Site B,S2,TKA,L,2021-11-19,82,Male,44,3,1,1,0,never,1,spinal,,A,91,1,home,0,0,3,4.11,0,0
C0470,P0361,Site A,S1,THA,R,2021-11-25,63,Female,38.1,3,0,1,0,former,2,spinal,anterior,B,104,3,home,0,0,4,4.1,0,0
C0471,P0309,Site A,S2,TKA,L,2021-11-27,74,Male,29.2,3,0,1,0,never,0,spinal,,A,102,1,facility,0,1,4,3.13,1,1
C0472,P0146,Site B,S1,TKA,R,2021-11-30,64,Female,24.1,2,1,1,0,never,1,general,,B,92,0,home,0,0,5,4.08,0,0
C0473,P0200,Site B,S1,TKA,R,2021-12-05,69,Female,24.8,3,0,1,0,never,0,spinal,,C,86,2,home,0,0,2,4.07,0,0
C0474,P0157,Site B,S2,TKA,L,2021-12-06,64,Female,27.2,2,0,0,0,never,2,spinal,,A,68,0,home,0,0,3,2.27,0,0
C0475,P0144,Site A,S1,TKA,R,2021-12-08,69,Female,23.8,2,0,1,0,former,2,spinal,,A,93,2,home,0,0,5,4.06,0,0
C0476,P0196,Site B,S1,THA,L,2021-12-12,66,Male,29.6,2,0,0,0,never,1,general,anterior,A,92,2,home,0,0,5,4.05,0,0
C0477,P0449,Site B,S3,THA,L,2021-12-20,62,Female,32.1,3,0,0,0,former,0,general,anterior,A,89,0,home,0,0,4,4.03,0,0
C0478,P0497,Site B,S2,THA,R,2021-12-26,66,Female,26.3,2,0,1,0,former,1,spinal,anterior,B,89,2,home,0,1,5,4.01,0,0
C0479,P0161,Site B,S2,TKA,L,2021-12-31,58,Female,33.3,2,0,1,1,former,2,spinal,,A,96,2,home,0,0,2,4,0,0
C0480,P0286,Site A,S2,THA,R,2022-01-20,66,Female,21,2,0,0,0,current,0,general,posterior,A,83,1,home,0,0,5,1.8,1,1
C0481,P0342,Site B,S2,THA,R,2022-02-05,68,Female,26.2,3,0,0,1,former,2,general,anterior,B,74,0,home,0,0,1,3.9,0,0
C0482,P0170,Site A,S1,THA,L,2022-02-10,60,Male,36.5,2,0,1,1,former,0,spinal,anterior,B,92,0,home,0,0,4,3.89,0,0
C0483,P0101,Site A,S3,THA,L,2022-02-17,77,Male,36.1,3,0,0,0,never,5,spinal,posterior,A,98,0,home,0,0,4,3.87,0,0
C0484,P0158,Site B,S2,TKA,R,2022-03-16,57,Male,35.8,2,0,1,1,never,0,spinal,,C,74,0,home,0,0,4,3.79,0,0
C0485,P0106,Site A,S1,THA,R,2022-03-22,56,Female,29.3,2,0,0,0,never,0,general,anterior,A,63,0,home,0,0,5,3.78,0,0
C0486,P0275,Site A,S1,THA,R,2022-03-30,74,Female,31.6,3,0,1,0,never,2,spinal,posterior,C,79,0,home,0,0,5,3.76,0,0
C0487,P0451,Site A,S3,THA,R,2022-04-02,66,Female,29.9,2,0,1,0,former,0,general,posterior,C,63,0,home,0,0,5,3.75,0,0
C0488,P0057,Site A,S3,THA,R,2022-04-03,52,Female,28.5,3,1,1,0,current,0,spinal,anterior,A,73,1,home,0,0,3,3.75,0,0
C0489,P0463,Site B,S1,TKA,R,2022-04-07,71,Female,29,2,0,0,0,never,1,spinal,,A,123,0,home,0,0,5,3.73,0,0
C0490,P0499,Site A,S3,THA,L,2022-04-11,67,Female,34.7,2,0,1,0,never,2,general,posterior,A,73,2,home,0,0,4,3.72,0,0
C0491,P0198,Site A,S3,THA,L,2022-04-14,74,Female,28.5,2,0,1,1,never,0,spinal,posterior,A,81,0,home,0,0,5,3.72,0,0
C0492,P0192,Site A,S1,TKA,R,2022-04-16,65,Male,29,2,0,0,0,former,1,spinal,,C,78,1,home,0,0,5,3.71,0,0
C0493,P0242,Site A,S1,TKA,R,2022-04-22,78,Female,33.8,3,0,1,0,never,2,spinal,,B,97,0,home,0,0,5,3.69,0,0
C0494,P0049,Site A,S2,TKA,R,2022-04-23,57,Female,29.4,2,0,1,0,former,2,spinal,,B,101,0,home,0,0,4,3.69,0,0
C0495,P0340,Site B,S2,THA,R,2022-04-23,60,Female,35.2,2,0,0,0,never,1,spinal,posterior,B,83,0,home,0,0,4,3.69,0,0
C0496,P0502,Site A,S1,THA,R,2022-04-27,77,Female,35.5,2,0,0,1,never,2,general,anterior,C,78,0,home,0,0,5,3.68,0,0
C0497,P0398,Site A,S2,THA,L,2022-05-02,75,Male,36.5,3,0,1,0,never,2,spinal,posterior,C,78,1,home,0,0,5,3.15,1,1
C0498,P0202,Site B,S2,TKA,R,2022-05-08,60,Female,28.2,3,0,0,0,former,1,spinal,,C,61,0,home,0,0,2,3.65,0,0
C0499,P0343,Site B,S1,TKA,R,2022-05-10,75,Male,33.2,3,1,1,0,never,3,spinal,,C,89,1,facility,0,1,2,3.64,0,0
C0500,P0079,Site A,S2,TKA,R,2022-05-14,68,Male,32.5,3,0,1,0,never,1,spinal,,C,92,0,home,0,1,4,3.63,0,0
C0501,P0022,Site B,S2,TKA,L,2022-05-15,79,Female,30.3,3,0,0,1,never,1,spinal,,A,91,2,home,0,0,5,3.63,0,0
C0502,P0460,Site A,S2,THA,L,2022-05-22,72,Female,29.8,2,0,0,1,never,2,general,posterior,C,105,0,home,0,0,,3.61,0,0
C0503,P0045,Site A,S2,TKA,R,2022-05-23,70,Male,21.4,3,0,0,0,never,1,spinal,,B,77,1,home,0,0,4,3.61,0,0
C0504,P0495,Site A,S2,TKA,L,2022-06-02,58,Female,32.9,3,0,1,0,former,0,spinal,,B,87,0,home,0,1,4,3.58,0,0
C0505,P0259,Site A,S1,TKA,L,2022-06-05,66,Male,28.7,3,0,0,0,never,0,general,,A,80,1,home,0,0,4,3.57,0,0
C0506,P0505,Site B,S3,TKA,R,2022-06-10,67,Male,25.8,2,0,1,0,never,1,general,,B,55,0,home,0,0,,3.56,0,0
C0507,P0423,Site B,S3,THA,L,2022-06-21,68,Female,35.6,3,0,1,0,former,1,spinal,posterior,A,116,1,home,0,0,5,0.29,1,1
C0508,P0515,Site A,S2,TKA,L,2022-07-02,65,Female,31.6,3,0,0,0,former,1,spinal,,C,105,0,home,0,0,4,3.5,0,0
C0509,P0479,Site A,S2,THA,L,2022-07-09,72,Female,29,3,1,0,0,former,0,general,anterior,A,71,0,home,0,0,5,3.48,0,0
C0510,P0046,Site B,S1,THA,L,2022-07-19,65,Female,27.1,3,0,0,0,never,0,spinal,posterior,C,54,0,home,0,0,,3.45,0,0
C0511,P0507,Site B,S1,THA,L,2022-07-21,72,Female,22.2,3,0,1,0,former,0,spinal,posterior,B,85,2,home,0,0,5,3.45,0,0
C0512,P0072,Site A,S1,TKA,R,2022-07-23,79,Female,34.6,3,0,1,0,never,1,spinal,,B,109,1,home,0,0,3,3.44,0,0
C0513,P0238,Site B,S3,TKA,L,2022-07-24,58,Male,35.7,2,0,1,0,never,0,spinal,,B,72,0,home,0,1,5,3.44,0,0
C0514,P0163,Site B,S3,TKA,L,2022-07-27,76,Male,34.1,2,0,1,0,former,2,spinal,,B,118,2,home,0,0,4,3.43,0,0
C0515,P0146,Site B,S1,TKA,L,2022-07-29,64,Female,24,3,1,1,0,never,3,spinal,,A,78,1,home,0,0,5,3.43,0,0
C0516,P0176,Site A,S1,TKA,R,2022-07-29,58,Female,24.5,2,0,1,0,former,0,general,,A,94,3,home,1,0,4,3.43,0,0
C0517,P0474,Site B,S3,TKA,R,2022-07-29,76,Male,33,2,0,0,0,current,0,spinal,,C,89,0,home,0,1,,3.43,0,0
C0518,P0033,Site A,S2,TKA,L,2022-07-30,60,Female,34.6,2,0,0,0,former,0,spinal,,B,104,3,home,0,0,3,3.42,0,0
C0519,P0256,Site B,S2,TKA,L,2022-08-09,60,Female,33.6,3,0,1,0,never,0,general,,B,85,1,home,0,0,4,2.56,0,0
C0520,P0124,Site B,S2,THA,R,2022-08-12,55,Female,26.5,2,0,1,1,never,0,spinal,anterior,B,70,3,home,0,0,5,3.39,0,0
C0521,P0111,Site B,S2,TKA,R,2022-08-14,63,Male,34.5,2,0,0,0,current,1,spinal,,C,88,1,home,0,0,2,3.38,0,0
C0522,P0419,Site B,S3,TKA,R,2022-08-14,65,Male,33.3,2,0,0,0,never,0,spinal,,B,85,1,home,0,1,4,3.38,0,0
C0523,P0180,Site B,S1,TKA,R,2022-08-18,54,Female,27.2,2,0,0,0,current,1,spinal,,A,89,0,home,0,0,3,3.37,0,0
C0524,P0191,Site A,S2,TKA,R,2022-08-19,67,Female,27.8,2,0,0,0,never,1,spinal,,A,79,0,home,0,0,5,3.37,0,0
C0525,P0045,Site A,S1,TKA,L,2022-08-22,70,Male,21.3,2,0,0,0,never,1,general,,A,82,1,home,0,1,4,3.36,0,0
C0526,P0390,Site B,S3,TKA,L,2022-08-29,84,Female,27.9,4,1,1,0,never,5,spinal,,A,112,1,home,0,0,4,3.34,0,0
C0527,P0270,Site B,S3,TKA,R,2022-09-01,56,Male,28.3,1,0,0,0,never,0,spinal,,A,64,1,home,0,0,4,0.08,0,0
C0528,P0486,Site A,S2,TKA,L,2022-09-01,53,Female,29.8,3,0,1,0,never,1,spinal,,A,105,0,home,0,1,5,3.33,0,0
C0529,P0107,Site B,S3,TKA,L,2022-09-04,62,Female,26.9,3,0,0,0,never,0,spinal,,A,72,1,home,0,0,5,2.33,1,1
C0530,P0002,Site B,S1,THA,R,2022-09-09,58,Female,36.9,3,0,0,0,former,2,spinal,anterior,B,87,1,home,0,1,5,3.31,0,0
C0531,P0044,Site A,S3,THA,L,2022-10-14,74,Female,29.1,2,0,1,0,former,3,spinal,posterior,A,110,0,home,0,1,4,3.21,0,0
C0532,P0329,Site A,S3,TKA,L,2022-10-18,77,Male,30.8,1,0,0,1,current,1,spinal,,A,90,2,home,0,0,2,3.2,0,0
C0533,P0488,Site A,S2,TKA,L,2022-10-19,61,Male,25.2,2,0,0,0,never,1,spinal,,C,81,0,home,0,0,5,3.2,0,0
C0534,P0154,Site B,S1,THA,L,2022-10-22,62,Male,36,3,0,1,1,never,1,general,anterior,B,88,6,home,0,0,5,3.19,0,0
C0535,P0383,Site A,S3,TKA,R,2022-10-27,71,Male,21.8,2,0,0,0,current,1,general,,A,73,0,home,0,0,4,3.18,0,0
C0536,P0027,Site A,S2,TKA,L,2022-10-31,47,Female,39,2,0,0,0,never,0,spinal,,A,114,0,home,0,1,3,3.17,0,0
C0537,P0376,Site B,S2,TKA,L,2022-11-08,69,Female,43,3,0,1,0,never,2,spinal,,B,94,0,home,0,0,,0.58,1,1
C0538,P0320,Site A,S2,THA,L,2022-11-25,66,Female,18,2,0,1,0,former,3,spinal,posterior,A,74,0,home,0,0,4,3.1,0,0
C0539,P0422,Site A,S1,TKA,R,2022-11-25,77,Female,38.8,4,1,1,0,never,0,spinal,,B,113,1,home,0,1,5,1.59,0,0
C0540,P0354,Site A,S2,TKA,L,2022-12-01,75,Female,32.7,3,0,1,1,former,2,spinal,,B,101,0,home,0,0,,3.08,0,0
C0541,P0080,Site B,S1,THA,R,2022-12-17,85,Male,26.3,2,0,1,0,never,2,spinal,anterior,C,75,1,home,0,0,4,3.04,0,0
C0542,P0145,Site B,S1,THA,L,2022-12-18,55,Female,20.2,2,0,1,0,former,0,spinal,posterior,B,45,0,home,0,0,5,2.94,0,0
C0543,P0110,Site A,S2,THA,R,2022-12-23,63,Male,27.6,2,0,1,0,former,0,spinal,anterior,B,59,1,home,0,1,4,0.82,2,0
C0544,P0302,Site B,S2,THA,R,2022-12-24,60,Female,31.4,3,0,1,0,never,1,general,anterior,B,68,1,home,0,0,5,3.02,0,0
C0545,P0377,Site A,S1,THA,R,2022-12-28,78,Female,26.9,3,0,0,0,former,0,general,anterior,B,67,0,home,0,0,,3.01,0,0
C0546,P0126,Site B,S2,THA,L,2023-01-18,65,Male,22.4,3,1,0,0,never,1,spinal,posterior,A,81,0,home,0,0,4,2.95,0,0
C0547,P0003,Site A,S1,TKA,R,2023-01-21,57,Male,22.9,2,0,1,0,never,1,spinal,,C,80,0,home,0,0,5,2.94,0,0
C0548,P0285,Site B,S1,TKA,R,2023-01-24,83,Male,44.6,3,1,1,0,never,1,spinal,,A,93,6,home,0,1,,2.93,0,0
C0549,P0284,Site B,S1,THA,R,2023-02-02,72,Female,30.3,2,0,1,1,never,0,spinal,posterior,B,69,0,home,0,0,4,2.91,0,0
C0550,P0173,Site A,S2,TKA,R,2023-02-04,66,Female,28,2,0,0,0,former,0,spinal,,C,63,4,home,0,0,,2.9,0,0
C0551,P0430,Site A,S3,TKA,L,2023-02-04,83,Female,36.8,3,0,1,0,never,1,general,,C,122,1,home,0,0,5,2.9,0,0
C0552,P0462,Site B,S1,TKA,R,2023-02-05,62,Female,33.5,2,0,1,0,never,0,spinal,,A,125,0,home,0,0,4,2.9,0,0
C0553,P0064,Site B,S2,THA,L,2023-02-07,57,Male,32.5,2,0,1,0,never,0,spinal,posterior,B,91,0,home,0,0,5,1.2,1,1
C0554,P0495,Site A,S3,TKA,R,2023-02-09,58,Female,32.1,3,0,1,0,former,0,spinal,,B,90,4,home,0,0,5,2.89,0,0
C0555,P0408,Site A,S1,TKA,L,2023-02-20,65,Female,40,3,0,1,1,former,1,general,,A,81,2,home,0,0,5,2.86,0,0
C0556,P0381,Site B,S2,TKA,L,2023-03-06,82,Male,20.2,2,0,1,0,former,0,general,,B,90,0,home,0,0,5,2.82,0,0
C0557,P0291,Site A,S2,THA,L,2023-03-09,48,Male,21.7,2,0,0,0,former,0,spinal,posterior,B,81,1,home,0,0,4,2.81,0,0
C0558,P0271,Site B,S2,THA,L,2023-03-12,77,Female,22.2,3,0,1,0,former,0,general,posterior,A,74,1,home,1,0,1,2.81,0,0
C0559,P0330,Site B,S1,TKA,L,2023-03-14,45,Female,29.6,3,0,1,0,former,0,spinal,,B,94,0,home,0,0,4,2.8,0,0
C0560,P0384,Site A,S3,TKA,R,2023-03-17,56,Male,30.3,4,0,1,0,never,2,spinal,,A,99,0,home,0,1,1,2.79,0,0
C0561,P0185,Site B,S3,THA,L,2023-03-19,69,Female,21.3,2,0,0,0,never,1,spinal,anterior,A,56,0,home,0,0,3,2.79,0,0
C0562,P0168,Site B,S1,TKA,L,2023-03-28,70,Female,38.3,3,0,0,0,never,1,spinal,,A,92,0,home,0,1,5,2.76,0,0
C0563,P0130,Site A,S1,TKA,R,2023-04-07,72,Female,36.3,4,0,1,0,former,1,spinal,,B,99,2,home,0,1,5,2.74,0,0
C0564,P0097,Site A,S2,THA,L,2023-04-17,61,Male,27.3,2,0,1,0,never,0,spinal,posterior,A,78,0,home,0,0,4,2.71,0,0
C0565,P0178,Site A,S2,TKA,R,2023-04-23,61,Male,27.8,3,0,0,0,never,1,spinal,,A,102,3,home,0,0,5,2.69,0,0
C0566,P0410,Site B,S1,THA,R,2023-04-27,46,Female,26.9,2,0,0,0,never,0,spinal,posterior,A,65,0,home,0,0,3,2.68,0,0
C0567,P0253,Site B,S2,THA,L,2023-04-30,69,Female,28.5,3,0,0,0,never,2,spinal,posterior,A,84,3,home,0,0,5,2.67,0,0
C0568,P0213,Site B,S2,TKA,L,2023-05-04,73,Female,22.6,2,0,0,0,never,0,general,,A,86,1,home,0,0,1,2.66,0,0
C0569,P0490,Site A,S1,TKA,L,2023-05-07,67,Male,23.8,2,0,1,0,current,0,spinal,,A,96,1,home,0,0,5,2.65,0,0
C0570,P0345,Site A,S2,TKA,R,2023-05-10,75,Male,33.7,4,0,0,0,current,0,general,,B,79,4,home,0,0,5,2.64,0,0
C0571,P0323,Site A,S3,TKA,L,2023-05-11,81,Male,24.1,3,0,0,0,former,2,general,,B,75,0,home,0,0,,2.64,0,0
C0572,P0311,Site B,S1,TKA,R,2023-05-25,69,Male,31.1,3,0,1,0,former,0,general,,B,109,1,home,0,0,5,2.6,0,0
C0573,P0343,Site B,S2,TKA,L,2023-05-29,76,Male,34.2,3,1,1,0,never,2,general,,C,91,0,home,0,0,1,2.59,0,0
C0574,P0162,Site B,S1,THA,R,2023-06-11,71,Female,34.3,3,0,0,0,never,2,spinal,anterior,A,118,2,home,0,0,2,2.56,0,0
C0575,P0101,Site A,S2,THA,R,2023-06-27,78,Male,35.9,3,0,0,0,never,0,general,anterior,A,92,3,home,0,0,4,2.51,0,0
C0576,P0124,Site B,S2,THA,L,2023-07-04,55,Female,25.8,2,0,1,1,never,2,general,posterior,B,78,0,home,0,0,,2.49,0,0
C0577,P0494,Site B,S3,TKA,L,2023-07-12,74,Male,44.7,4,1,1,1,former,1,general,,C,92,4,home,0,0,4,2.47,0,0
C0578,P0041,Site B,S2,TKA,L,2023-07-17,68,Female,33.4,3,0,1,1,never,1,general,,C,92,1,home,0,0,4,2.46,0,0
C0579,P0387,Site A,S3,TKA,R,2023-07-27,65,Male,35.3,2,0,1,0,never,0,general,,C,99,3,home,0,0,1,2.43,0,0
C0580,P0334,Site A,S1,TKA,L,2023-08-06,61,Male,35.3,3,1,0,0,never,1,spinal,,A,95,0,home,0,0,4,2.4,0,0
C0581,P0179,Site B,S1,TKA,L,2023-08-14,59,Male,41.8,3,1,0,1,never,0,spinal,,A,104,1,home,0,0,5,2.38,0,0
C0582,P0297,Site B,S1,TKA,L,2023-08-26,65,Male,30.8,2,0,0,1,current,1,spinal,,B,87,3,home,0,0,5,2.35,0,0
C0583,P0362,Site B,S1,TKA,L,2023-09-09,56,Male,33.2,2,0,1,1,never,2,general,,C,88,2,home,0,0,5,2.31,0,0
C0584,P0505,Site B,S1,TKA,L,2023-09-24,68,Male,26.5,2,0,1,0,never,1,general,,A,83,0,home,0,0,5,2.27,0,0
C0585,P0492,Site A,S3,THA,R,2023-09-25,66,Male,24.8,2,0,0,0,former,1,spinal,posterior,A,64,0,home,0,0,4,2.27,0,0
C0586,P0405,Site A,S1,THA,R,2023-09-26,70,Male,29.8,2,0,0,0,never,1,spinal,anterior,B,94,1,facility,0,0,5,2.26,0,0
C0587,P0243,Site A,S2,THA,R,2023-10-01,57,Male,23.6,2,0,0,0,never,0,spinal,posterior,B,60,0,home,0,0,5,2.25,0,0
C0588,P0475,Site B,S2,TKA,L,2023-10-22,69,Female,30,2,0,0,0,never,2,spinal,,A,87,0,home,0,0,,2.19,0,0
C0589,P0509,Site A,S2,THA,L,2023-10-23,70,Female,31.5,3,0,1,0,never,4,spinal,anterior,B,72,0,facility,0,1,5,2.19,0,0
C0590,P0041,Site B,S2,TKA,R,2023-10-25,68,Female,33.3,3,0,1,1,never,1,spinal,,B,86,0,home,0,0,3,2.18,0,0
C0591,P0234,Site B,S1,TKA,R,2023-10-25,64,Female,33,3,0,1,0,never,0,general,,B,100,3,home,0,0,5,2.18,0,0
C0592,P0126,Site B,S2,THA,R,2023-11-13,65,Male,21.9,2,1,0,0,never,0,spinal,posterior,A,65,0,home,0,0,5,2.13,0,0
C0593,P0388,Site A,S3,TKA,L,2023-11-16,54,Female,34.3,2,0,0,1,never,0,general,,A,107,3,home,0,0,5,2.12,0,0
C0594,P0237,Site A,S1,TKA,R,2023-12-12,77,Male,40,2,0,0,0,never,2,spinal,,A,128,0,facility,0,0,2,2.05,0,0
C0595,P0396,Site A,S3,TKA,L,2023-12-12,61,Male,29.9,3,1,1,0,current,0,spinal,,A,90,1,home,0,0,1,2.05,0,0
C0596,P0391,Site A,S2,TKA,L,2023-12-14,66,Male,24,3,0,1,0,never,0,general,,B,89,2,home,0,1,5,1.17,0,0
C0597,P0059,Site A,S3,TKA,R,2023-12-24,73,Female,33.6,2,0,1,0,never,0,spinal,,A,87,0,home,0,0,3,2.02,0,0
C0598,P0471,Site A,S2,TKA,R,2023-12-24,49,Female,32.6,1,0,0,0,never,0,spinal,,B,105,0,home,0,0,3,2.02,0,0
C0599,P0494,Site B,S2,TKA,R,2024-01-30,74,Male,45.3,3,1,1,1,former,2,spinal,,A,112,2,home,0,0,5,1.92,0,0
C0600,P0362,Site B,S2,TKA,R,2024-02-15,56,Male,33.7,2,0,1,1,never,0,general,,A,90,0,home,0,0,5,1.88,0,0
C0601,P0003,Site A,S1,TKA,L,2024-02-27,58,Male,23.7,1,0,1,0,never,0,general,,B,102,0,home,0,0,5,1.84,0,0
C0602,P0410,Site B,S1,THA,L,2024-05-13,47,Female,26.3,2,0,0,0,never,0,spinal,anterior,A,65,1,home,0,0,5,1.63,0,0
C0603,P0297,Site B,S1,TKA,R,2024-07-06,65,Male,30.9,2,0,0,1,current,0,spinal,,B,97,1,home,0,1,4,1.49,0,0
C0604,P0234,Site B,S2,TKA,L,2024-11-22,65,Female,32.3,2,0,1,0,never,2,spinal,,A,120,0,home,0,0,5,1.11,0,0
