set_id,case_id,procedure,implant,age,sex,bmi,asa,followup_years,event_status
M001,C0002,THA,C,56,Male,25.7,2,2.93,1
M001,C0169,THA,A,55,Male,26.7,2,8.66,0
M001,C0587,THA,B,57,Male,23.6,2,2.25,0
M002,C0010,TKA,C,66,Female,30.6,2,10.84,0
M002,C0355,TKA,A,66,Female,30.7,2,6.02,0
M002,C0408,TKA,B,67,Female,32.7,2,2.79,0
M003,C0021,THA,C,54,Female,24.4,3,10.76,0
M003,C0020,THA,A,53,Female,25.1,3,10.78,0
M003,C0033,THA,B,55,Female,25.4,3,10.64,0
M004,C0026,THA,C,65,Female,29.4,3,9.29,0
M004,C0043,THA,A,64,Female,30,3,2.26,0
M004,C0310,THA,B,62,Female,31.4,3,1.63,0
M005,C0028,THA,C,51,Female,26.3,2,10.68,0
M005,C0086,THA,A,54,Female,26.8,2,9.77,0
M005,C0255,THA,B,53,Female,27.7,2,4.56,1
M006,C0029,TKA,C,75,Male,26.9,2,3.93,1
M006,C0379,TKA,A,72,Male,25.3,2,3.38,1
M006,C0427,TKA,B,72,Male,27.6,2,4.78,0
M007,C0032,TKA,C,68,Female,29.8,2,10.64,0
M007,C0588,TKA,A,69,Female,30,2,2.19,0
M007,C0263,TKA,B,70,Female,31.2,2,3.59,0
M008,C0035,TKA,C,53,Female,26.9,3,10.57,0
M008,C0528,TKA,A,53,Female,29.8,3,3.33,0
M008,C0191,TKA,B,53,Female,29.5,3,8.35,0
M009,C0076,TKA,C,69,Female,39.3,3,9.91,0
M009,C0562,TKA,A,70,Female,38.3,3,2.76,0
M009,C0120,TKA,B,68,Female,39.2,3,9.38,0
M010,C0079,TKA,C,76,Female,27.7,3,3.69,0
M010,C0273,TKA,A,75,Female,27.6,3,2.27,2
M010,C0115,TKA,B,75,Female,26.7,3,9.42,0
M011,C0084,THA,C,65,Male,30.7,2,9.8,0
M011,C0476,THA,A,66,Male,29.6,2,4.05,0
M011,C0060,THA,B,64,Male,29.5,2,1.53,0
M012,C0085,THA,C,70,Female,30,2,9.77,0
M012,C0359,THA,A,70,Female,28.5,2,1.08,0
M012,C0330,THA,B,70,Female,28.5,2,0.99,2
M013,C0089,THA,C,61,Female,30.5,3,9.68,0
M013,C0477,THA,A,62,Female,32.1,3,4.03,0
M013,C0544,THA,B,60,Female,31.4,3,3.02,0
M014,C0113,THA,C,62,Male,34.4,3,9.45,0
M014,C0011,THA,A,59,Male,31.5,3,10.89,0
M014,C0534,THA,B,62,Male,36,3,3.19,0
M015,C0116,THA,C,59,Male,33,2,0.6,0
M015,C0119,THA,A,59,Male,33.5,2,9.39,0
M015,C0190,THA,B,62,Male,32.1,2,8.36,0
M016,C0117,TKA,C,77,Male,35.1,3,0.95,1
M016,C0406,TKA,A,74,Male,32.9,3,3.41,2
M016,C0277,TKA,B,78,Male,37.4,3,7.11,0
M017,C0124,TKA,C,52,Female,36.6,2,0.6,0
M017,C0593,TKA,A,54,Female,34.3,2,2.12,0
M017,C0463,TKA,B,53,Female,36.4,2,4.16,0
M018,C0133,TKA,C,73,Female,24.7,3,7.69,2
M018,C0098,TKA,A,70,Female,27.4,3,0.75,0
M018,C0177,TKA,B,73,Female,25.5,3,5.24,0
M019,C0140,TKA,C,60,Male,23.8,2,9.06,0
M019,C0050,TKA,A,63,Male,25.8,2,10.36,0
M019,C0367,TKA,B,60,Male,24.4,2,2.38,0
M020,C0144,TKA,C,52,Male,34.4,2,1.34,1
M020,C0414,TKA,A,51,Male,33,2,5.07,0
M020,C0075,TKA,B,53,Male,33.4,2,4.99,0
M021,C0145,TKA,C,65,Male,33.3,3,9.02,0
M021,C0423,TKA,A,64,Male,33.2,3,4.83,0
M021,C0358,TKA,B,62,Male,36.1,3,5.98,0
M022,C0146,TKA,C,76,Female,34.5,3,9.01,0
M022,C0137,TKA,A,76,Female,36,3,9.09,0
M022,C0493,TKA,B,78,Female,33.8,3,3.69,0
M023,C0160,TKA,C,49,Female,29.8,2,0.05,0
M023,C0148,TKA,A,50,Female,30.8,2,8.97,0
M023,C0266,TKA,B,47,Female,29.4,2,7.33,0
M024,C0165,TKA,C,66,Male,21.8,2,8.69,0
M024,C0569,TKA,A,67,Male,23.8,2,2.65,0
M024,C0178,TKA,B,69,Male,20.7,2,8.54,0
M025,C0185,THA,C,72,Female,32.3,3,0.01,1
M025,C0341,THA,A,71,Female,32.4,3,6.23,0
M025,C0453,THA,B,73,Female,33.6,3,4.35,0
M026,C0193,THA,C,56,Female,30.7,2,2.61,1
M026,C0485,THA,A,56,Female,29.3,2,3.78,0
M026,C0464,THA,B,58,Female,32.3,2,2.99,0
M027,C0194,THA,C,58,Female,34.2,2,0.32,1
M027,C0241,THA,A,58,Female,32.8,2,7.62,0
M027,C0216,THA,B,58,Female,34.2,2,8.09,0
M028,C0203,TKA,C,57,Male,34.3,3,8.19,0
M028,C0024,TKA,A,59,Male,34.5,3,10.7,0
M028,C0182,TKA,B,58,Male,31.5,3,6.48,0
M029,C0222,TKA,C,59,Female,35.5,2,7.93,0
M029,C0407,TKA,A,59,Female,32.8,2,5.19,0
M029,C0425,TKA,B,59,Female,34.1,2,4.8,0
M030,C0229,TKA,C,66,Male,31.2,2,7.82,0
M030,C0016,TKA,A,66,Male,29.1,2,6.12,2
M030,C0582,TKA,B,65,Male,30.8,2,2.35,0
M031,C0231,THA,C,54,Female,28.4,2,1.26,0
M031,C0042,THA,A,56,Female,27.2,2,10.47,0
M031,C0520,THA,B,55,Female,26.5,2,3.39,0
M032,C0232,THA,C,62,Female,29.5,2,7.78,0
M032,C0412,THA,A,63,Female,28.8,2,0.01,0
M032,C0419,THA,B,60,Female,28.7,2,3.42,0
M033,C0234,TKA,C,79,Male,22.2,2,4.34,0
M033,C0369,TKA,A,77,Male,22.7,2,5.86,0
M033,C0556,TKA,B,82,Male,20.2,2,2.82,0
M034,C0245,THA,C,59,Male,34.5,2,7.56,0
M034,C0302,THA,A,60,Male,33.5,2,6.68,0
M034,C0482,THA,B,60,Male,36.5,2,3.89,0
M035,C0267,TKA,C,72,Female,29.7,2,4.99,0
M035,C0489,TKA,A,71,Female,29,2,3.73,0
M035,C0159,TKA,B,71,Female,30.4,2,4.83,1
M036,C0268,TKA,C,67,Female,34,3,7.28,0
M036,C0348,TKA,A,66,Female,34.7,3,5.22,1
M036,C0591,TKA,B,64,Female,33,3,2.18,0
M037,C0270,TKA,C,62,Female,34.4,3,1.86,1
M037,C0312,TKA,A,61,Female,34.5,3,6.6,0
M037,C0008,TKA,B,63,Female,32.7,3,10.92,0
M038,C0276,THA,C,59,Female,27.5,2,7.16,0
M038,C0295,THA,A,59,Female,28.5,2,0.21,1
M038,C0030,THA,B,60,Female,24.6,2,10.66,0
M039,C0289,TKA,C,71,Male,31.1,3,6.9,0
M039,C0305,TKA,A,73,Male,28.8,3,6.66,0
M039,C0106,TKA,B,72,Male,31,3,9.47,0
M040,C0294,THA,C,72,Female,29,3,6.88,0
M040,C0468,THA,A,72,Female,28.9,3,4.12,0
M040,C0589,THA,B,70,Female,31.5,3,2.19,0
M041,C0296,TKA,C,72,Female,36.8,3,5.49,1
M041,C0368,TKA,A,73,Female,37.1,3,5.88,0
M041,C0314,TKA,B,70,Female,39.5,3,6.58,0
M042,C0300,THA,C,55,Female,31.8,2,6.72,0
M042,C0167,THA,A,53,Female,34.7,2,8.68,0
M042,C0025,THA,B,52,Female,30.7,2,10.7,0
M043,C0320,TKA,C,68,Male,25.6,2,6.5,0
M043,C0318,TKA,A,66,Male,25.9,2,0.26,2
M043,C0506,TKA,B,67,Male,25.8,2,3.56,0
M044,C0322,TKA,C,61,Female,29.2,3,6.02,1
M044,C0157,TKA,A,63,Female,29,3,8.81,0
M044,C0181,TKA,B,60,Female,30.1,3,8.48,0
M045,C0326,TKA,C,75,Male,28.6,3,6.41,0
M045,C0281,TKA,A,75,Male,29.4,3,6.98,0
M045,C0127,TKA,B,76,Male,30.1,3,9.23,0
M046,C0345,TKA,C,70,Female,26,2,0.19,1
M046,C0292,TKA,A,71,Female,26.7,2,6,0
M046,C0418,TKA,B,69,Female,24.5,2,4.98,0
M047,C0361,TKA,C,57,Female,34.5,3,4.52,0
M047,C0045,TKA,A,55,Female,33.4,3,5.16,0
M047,C0504,TKA,B,58,Female,32.9,3,3.58,0
M048,C0365,THA,C,56,Male,34.5,2,3.02,0
M048,C0457,THA,A,56,Male,32.7,2,0.39,1
M048,C0097,THA,B,53,Male,32.2,2,9.62,0
M049,C0436,TKA,C,60,Female,32,2,4.6,0
M049,C0220,TKA,A,61,Female,31.5,2,8,0
M049,C0047,TKA,B,59,Female,30.5,2,10.38,0
M050,C0454,TKA,C,82,Female,32.7,3,4.35,0
M050,C0501,TKA,A,79,Female,30.3,3,3.63,0
M050,C0243,TKA,B,79,Female,33.4,3,7.58,0
M051,C0484,TKA,C,57,Male,35.8,2,3.79,0
M051,C0349,TKA,A,58,Male,34.3,2,6.13,0
M051,C0513,TKA,B,58,Male,35.7,2,3.44,0
M052,C0486,THA,C,74,Female,31.6,3,3.76,0
M052,C0441,THA,A,74,Female,30,3,4.56,0
M052,C0329,THA,B,77,Female,31.5,3,5.19,2
M053,C0487,THA,C,66,Female,29.9,2,3.75,0
M053,C0034,THA,A,67,Female,29.2,2,10.52,0
M053,C0052,THA,B,66,Female,31.2,2,10.32,0
M054,C0492,TKA,C,65,Male,29,2,3.71,0
M054,C0226,TKA,A,64,Male,28.1,2,7.88,0
M054,C0039,TKA,B,67,Male,28.4,2,2.89,1
M055,C0500,TKA,C,68,Male,32.5,3,3.63,0
M055,C0282,TKA,A,66,Male,31.6,3,2.78,0
M055,C0572,TKA,B,69,Male,31.1,3,2.6,0
M056,C0502,THA,C,72,Female,29.8,2,3.61,0
M056,C0531,THA,A,74,Female,29.1,2,3.21,0
M056,C0549,THA,B,72,Female,30.3,2,2.91,0
M057,C0517,TKA,C,76,Male,33,2,3.43,0
M057,C0073,TKA,A,77,Male,31.9,2,3.9,2
M057,C0514,TKA,B,76,Male,34.1,2,3.43,0
M058,C0579,TKA,C,65,Male,35.3,2,2.43,0
M058,C0265,TKA,A,64,Male,37.8,2,7.33,0
M058,C0380,TKA,B,65,Male,36.1,2,5.73,0
M059,C0583,TKA,C,56,Male,33.2,2,2.31,0
M059,C0249,TKA,A,55,Male,30.5,2,7.52,0
M059,C0064,TKA,B,56,Male,35.6,2,8.81,0
