ResponseId,case_id,instrument,KOOS_Q1_preop,KOOS_Q2_preop,KOOS_Q3_preop,KOOS_Q4_preop,KOOS_Q5_preop,KOOS_Q6_preop,KOOS_Q7_preop,KOOS_Q1_6wk,KOOS_Q2_6wk,KOOS_Q3_6wk,KOOS_Q4_6wk,KOOS_Q5_6wk,KOOS_Q6_6wk,KOOS_Q7_6wk,KOOS_Q1_3mo,KOOS_Q2_3mo,KOOS_Q3_3mo,KOOS_Q4_3mo,KOOS_Q5_3mo,KOOS_Q6_3mo,KOOS_Q7_3mo,KOOS_Q1_1yr,KOOS_Q2_1yr,KOOS_Q3_1yr,KOOS_Q4_1yr,KOOS_Q5_1yr,KOOS_Q6_1yr,KOOS_Q7_1yr,HOOS_Q1_preop,HOOS_Q2_preop,HOOS_Q3_preop,HOOS_Q4_preop,HOOS_Q5_preop,HOOS_Q6_preop,HOOS_Q1_6wk,HOOS_Q2_6wk,HOOS_Q3_6wk,HOOS_Q4_6wk,HOOS_Q5_6wk,HOOS_Q6_6wk,HOOS_Q1_3mo,HOOS_Q2_3mo,HOOS_Q3_3mo,HOOS_Q4_3mo,HOOS_Q5_3mo,HOOS_Q6_3mo,HOOS_Q1_1yr,HOOS_Q2_1yr,HOOS_Q3_1yr,HOOS_Q4_1yr,HOOS_Q5_1yr,HOOS_Q6_1yr
Response ID,Study ID,Instrument,KOOS JR - Stiffness on waking - preop,KOOS JR - Pain twisting or pivoting - preop,KOOS JR - Pain straightening knee - preop,KOOS JR - Pain on stairs - preop,KOOS JR - Pain standing upright - preop,KOOS JR - Rising from sitting - preop,KOOS JR - Bending to the floor - preop,KOOS JR - Stiffness on waking - 6wk,KOOS JR - Pain twisting or pivoting - 6wk,KOOS JR - Pain straightening knee - 6wk,KOOS JR - Pain on stairs - 6wk,KOOS JR - Pain standing upright - 6wk,KOOS JR - Rising from sitting - 6wk,KOOS JR - Bending to the floor - 6wk,KOOS JR - Stiffness on waking - 3mo,KOOS JR - Pain twisting or pivoting - 3mo,KOOS JR - Pain straightening knee - 3mo,KOOS JR - Pain on stairs - 3mo,KOOS JR - Pain standing upright - 3mo,KOOS JR - Rising from sitting - 3mo,KOOS JR - Bending to the floor - 3mo,KOOS JR - Stiffness on waking - 1yr,KOOS JR - Pain twisting or pivoting - 1yr,KOOS JR - Pain straightening knee - 1yr,KOOS JR - Pain on stairs - 1yr,KOOS JR - Pain standing upright - 1yr,KOOS JR - Rising from sitting - 1yr,KOOS JR - Bending to the floor - 1yr,HOOS JR - Pain on stairs - preop,HOOS JR - Pain on uneven ground - preop,HOOS JR - Rising from sitting - preop,HOOS JR - Bending to the floor - preop,HOOS JR - Lying in bed - preop,HOOS JR - Sitting - preop,HOOS JR - Pain on stairs - 6wk,HOOS JR - Pain on uneven ground - 6wk,HOOS JR - Rising from sitting - 6wk,HOOS JR - Bending to the floor - 6wk,HOOS JR - Lying in bed - 6wk,HOOS JR - Sitting - 6wk,HOOS JR - Pain on stairs - 3mo,HOOS JR - Pain on uneven ground - 3mo,HOOS JR - Rising from sitting - 3mo,HOOS JR - Bending to the floor - 3mo,HOOS JR - Lying in bed - 3mo,HOOS JR - Sitting - 3mo,HOOS JR - Pain on stairs - 1yr,HOOS JR - Pain on uneven ground - 1yr,HOOS JR - Rising from sitting - 1yr,HOOS JR - Bending to the floor - 1yr,HOOS JR - Lying in bed - 1yr,HOOS JR - Sitting - 1yr
R_FZ5E5GlH5sSrgWF,C0004,KOOS JR,3,3,2,3,2,2,2,1,1,3,1,0,1,1,1,1,1,0,1,2,1,1,0,1,1,0,,1,,,,,,,,,,,,,,,,,,,,,,,,
R_zMWaGcY8v87xZNw,C0030,KOOS JR,1,2,1,1,2,1,1,,,,,,,,,,,,,,,2,0,1,1,0,0,0,,,,,,,,,,,,,,,,,,,,,,,,
R_iltVEHpFwzD8jvB,C0033,HOOS JR,,,,,,,,,,,,,,,,,,,,,,,,,,,,,2,3,2,3,2,1,1,0,2,0,2,1,,,,,,,,,,,,
R_UbXy7xF16x5MMRl,C0043,KOOS JR,2,1,2,2,2,2,1,0,2,1,1,1,1,0,3,2,1,2,2,1,2,0,1,0,0,0,0,0,,,,,,,,,,,,,,,,,,,,,,,,
R_yhB1qWHq0Aee6Hx,C0047,KOOS JR,3,3,3,2,2,2,2,3,2,2,1,2,2,2,2,2,2,2,2,3,2,2,2,1,2,1,2,2,,,,,,,,,,,,,,,,,,,,,,,,
R_gEfHBmsH9s5XRfi,C0048,HOOS JR,,,,,,,,,,,,,,,,,,,,,,,,,,,,,3,2,2,2,2,3,0,2,2,2,2,1,2,3,1,2,0,2,1,2,1,3,1,1
R_zJVhQVCiqBnmie8,C0059,HOOS JR,,,,,,,,,,,,,,,,,,,,,,,,,,,,,3,3,3,3,3,2,1,2,1,0,0,,1,2,1,1,2,2,0,0,1,1,0,0
R_sHeBsvhv20eJP2a,C0064,HOOS JR,,,,,,,,,,,,,,,,,,,,,,,,,,,,,3,3,2,1,1,3,0,1,2,2,2,1,1,0,2,0,1,0,0,1,0,0,0,1
R_9DwKM1TNVNns5dW,C0070,KOOS JR,2,2,3,2,3,2,3,,2,2,1,1,3,3,1,1,1,0,0,0,1,0,0,1,1,1,0,0,,,,,,,,,,,,,,,,,,,,,,,,
R_96GypLgG1ln6tZF,C0072,KOOS JR,1,2,2,2,2,2,2,1,1,1,1,1,1,2,,,,,,,,3,2,1,1,1,1,2,,,,,,,,,,,,,,,,,,,,,,,,
R_81GKJLPzSRXxLuu,C0081,HOOS JR,,,,,,,,,,,,,,,,,,,,,,,,,,,,,3,3,4,3,2,4,,,,,,,1,3,3,2,2,3,1,2,2,2,1,1
R_PF9BA1fcvYIh5hn,C0082,HOOS JR,,,,,,,,,,,,,,,,,,,,,,,,,,,,,2,2,3,2,2,2,1,1,1,1,1,1,,,,,,,,,,,,
R_xhfIlrhVaKMBE97,C0083,KOOS JR,2,1,2,2,2,2,2,1,0,1,1,1,1,2,0,1,0,0,2,1,1,,,,,,,,,,,,,,,,,,,,,,,,,,,,,,,
R_RcmR9j5itz9uDY8,C0086,KOOS JR,2,2,2,3,1,2,1,,,,,,,,,,,,,,,,,,,,,,,,,,,,,,,,,,,,,,,,,,,,,
R_AiIfBB1FPWxzYow,C0087,HOOS JR,,,,,,,,,,,,,,,,,,,,,,,,,,,,,4,3,2,3,2,2,1,1,3,1,2,2,1,1,2,2,2,2,,,,,,
R_JsBRT2AJENTZpGy,C0090,KOOS JR,,,,,,,,2,1,2,2,2,,2,1,,2,2,1,2,2,1,2,1,2,1,2,2,,,,,,,,,,,,,,,,,,,,,,,,
R_t4sD7MnodzJG4ic,C0094,KOOS JR,2,3,3,3,3,2,2,2,3,3,2,2,2,2,1,1,1,1,1,2,1,0,,1,1,2,1,1,,,,,,,,,,,,,,,,,,,,,,,,
R_DYmfeRI2HefIXYZ,C0098,HOOS JR,,,,,,,,,,,,,,,,,,,,,,,,,,,,,2,3,3,3,3,,2,0,0,1,0,1,1,1,,2,1,1,1,1,1,0,0,0
R_XExDGGHyJtok87t,C0099,KOOS JR,3,2,2,2,2,2,1,1,,0,2,1,2,0,,,,,,,,0,1,1,0,1,1,0,,,,,,,,,,,,,,,,,,,,,,,,
R_QzlKXLKX1LuyhMU,C0101,KOOS JR,2,2,2,2,2,2,1,,,,,,,,1,1,0,2,0,1,0,0,0,1,0,1,1,1,,,,,,,,,,,,,,,,,,,,,,,,
R_xiYZEutKSUgyQ8Q,C0104,KOOS JR,3,2,3,3,2,1,3,1,1,1,1,1,1,1,,,,,,,,1,1,1,1,0,1,2,,,,,,,,,,,,,,,,,,,,,,,,
R_Y9qxsLI3OPBcP2J,C0106,HOOS JR,,,,,,,,,,,,,,,,,,,,,,,,,,,,,1,2,1,2,2,1,,1,2,1,0,1,0,0,0,0,1,0,0,0,0,0,0,0
R_e45jVOj9tRgBdnc,C0107,HOOS JR,,,,,,,,,,,,,,,,,,,,,,,,,,,,,1,1,1,3,2,2,0,1,0,1,0,0,0,0,1,0,0,0,0,0,1,0,0,0
R_XEhBJS46jUC7N8g,C0113,KOOS JR,2,3,3,3,2,2,2,1,1,2,2,1,2,2,0,1,0,0,1,1,0,0,0,1,0,0,0,1,,,,,,,,,,,,,,,,,,,,,,,,
R_gos84UAMENykeKy,C0121,KOOS JR,1,1,2,1,1,1,0,2,0,1,1,1,1,2,1,0,0,0,0,0,0,0,0,0,0,0,0,0,,,,,,,,,,,,,,,,,,,,,,,,
R_foLdFV91ppPaTnu,C0124,KOOS JR,0,2,1,,1,1,1,1,1,1,1,2,2,2,1,2,0,1,0,1,1,0,0,0,0,0,1,0,,,,,,,,,,,,,,,,,,,,,,,,
R_jixAB332YpgPjzi,C0125,HOOS JR,,,,,,,,,,,,,,,,,,,,,,,,,,,,,2,2,2,3,3,2,2,,2,2,2,2,0,1,2,1,2,2,0,0,0,0,0,1
R_lyVXcCeKs0q4nEu,C0127,KOOS JR,3,2,2,2,3,3,3,2,2,1,2,2,1,3,1,2,2,2,1,3,1,2,0,1,1,1,0,1,,,,,,,,,,,,,,,,,,,,,,,,
R_gPxGlHyqK1MPD6u,C0129,KOOS JR,3,2,1,2,2,2,1,2,2,1,,1,1,1,1,2,1,1,2,2,1,0,2,1,0,1,1,0,,,,,,,,,,,,,,,,,,,,,,,,
R_eRS8v0yTm2UJBbx,C0132,KOOS JR,2,1,2,1,2,3,1,1,1,0,1,2,0,2,1,1,1,1,1,1,2,0,0,1,2,1,0,0,,,,,,,,,,,,,,,,,,,,,,,,
R_16BLgNdGrr4PyOn,C0134,KOOS JR,2,,3,2,3,2,4,,,,,,,,2,2,1,1,1,2,2,2,1,1,2,1,,2,,,,,,,,,,,,,,,,,,,,,,,,
R_zVzUyXq6D5298G9,C0137,KOOS JR,,,,,,,,1,1,2,2,2,1,2,1,0,2,1,1,1,1,,,,,,,,,,,,,,,,,,,,,,,,,,,,,,,
R_A448ENVbbBCdMHZ,C0142,HOOS JR,,,,,,,,,,,,,,,,,,,,,,,,,,,,,3,3,4,2,2,2,2,1,3,2,1,1,1,0,0,0,1,2,2,1,1,2,1,0
R_sQXw2ZFd0EZ3gCD,C0145,KOOS JR,2,2,2,1,2,2,2,1,0,2,2,1,2,1,0,1,1,1,1,1,1,2,0,0,1,1,0,0,,,,,,,,,,,,,,,,,,,,,,,,
R_nghHPDTnbpihqvE,C0146,KOOS JR,3,2,2,3,2,4,3,3,2,2,2,2,2,2,,,,,,,,2,1,2,0,1,1,2,,,,,,,,,,,,,,,,,,,,,,,,
R_sCrg2BDExyavTdM,C0149,KOOS JR,2,3,3,2,3,3,2,3,2,2,3,2,3,2,2,1,1,3,1,2,3,1,2,1,2,2,1,1,,,,,,,,,,,,,,,,,,,,,,,,
R_fYyXpkonW1oKvLJ,C0153,HOOS JR,,,,,,,,,,,,,,,,,,,,,,,,,,,,,2,3,3,2,3,3,2,1,0,2,1,1,0,0,1,0,0,0,2,1,1,0,0,1
R_0JQIdpsQql0uxfI,C0161,KOOS JR,,2,1,1,0,1,2,2,1,2,1,2,2,1,,,,,,,,0,2,0,0,0,0,0,,,,,,,,,,,,,,,,,,,,,,,,
R_JEgh6zF44rVF9tI,C0162,KOOS JR,0,0,2,1,0,0,1,1,1,1,1,1,0,0,0,0,0,0,0,,1,,,,,,,,,,,,,,,,,,,,,,,,,,,,,,,
R_cqS3CeSGQv4z5vu,C0166,HOOS JR,,,,,,,,,,,,,,,,,,,,,,,,,,,,,1,2,2,2,2,2,,,,,,,0,0,0,1,1,1,1,1,1,0,1,0
R_favmeDNoLvSsUPO,C0167,HOOS JR,,,,,,,,,,,,,,,,,,,,,,,,,,,,,1,1,2,2,2,1,1,0,0,0,1,1,0,0,1,2,1,1,2,0,2,0,0,1
R_UG27fUPjj8XPfTC,C0171,KOOS JR,2,2,2,2,3,2,2,3,2,1,2,2,1,,0,1,0,0,0,1,2,1,0,0,0,2,1,1,,,,,,,,,,,,,,,,,,,,,,,,
R_tVnNmDDo06XQOD9,C0173,HOOS JR,,,,,,,,,,,,,,,,,,,,,,,,,,,,,2,3,2,2,1,2,1,,1,1,1,1,0,0,0,0,0,1,2,0,0,0,0,0
R_UGmz44SlsCA2Pfq,C0174,KOOS JR,2,,2,2,1,3,3,2,3,2,1,1,2,3,2,1,1,0,0,1,1,1,2,1,2,1,1,1,,,,,,,,,,,,,,,,,,,,,,,,
R_JRgBKbrJAw70wq9,C0175,HOOS JR,,,,,,,,,,,,,,,,,,,,,,,,,,,,,1,1,1,1,1,1,,,,,,,0,0,0,0,0,0,0,0,0,0,0,0
R_t40knRPz2KjRoJX,C0183,HOOS JR,,,,,,,,,,,,,,,,,,,,,,,,,,,,,3,3,2,2,2,3,1,0,1,1,1,2,0,1,2,0,,1,,0,0,0,0,0
R_TOtcDR8LTRXkVPR,C0187,KOOS JR,2,2,2,1,2,2,2,3,3,3,2,3,3,2,1,2,1,2,1,1,2,1,2,2,2,1,2,2,,,,,,,,,,,,,,,,,,,,,,,,
R_bv5Iflvt9njc5P2,C0189,HOOS JR,,,,,,,,,,,,,,,,,,,,,,,,,,,,,2,2,3,2,1,1,0,2,,0,2,0,,,,,,,0,0,1,1,1,1
R_RIp8mj6ub73t4jS,C0191,HOOS JR,,,,,,,,,,,,,,,,,,,,,,,,,,,,,2,2,2,2,3,3,2,2,2,3,2,2,2,2,3,3,3,3,2,1,1,2,2,2
R_t68lle2ApVX4bTq,C0198,KOOS JR,2,1,1,1,2,2,1,1,2,1,2,1,0,2,,,,,,,,,,,,,,,,,,,,,,,,,,,,,,,,,,,,,,
R_a8LnoqlF6g3ZXnY,C0206,KOOS JR,2,2,1,1,2,1,2,2,2,2,2,2,2,2,1,1,1,1,1,1,1,,,,,,,,,,,,,,,,,,,,,,,,,,,,,,,
R_u3RxlBPub4UWZoe,C0207,HOOS JR,,,,,,,,,,,,,,,,,,,,,,,,,,,,,,2,2,2,3,2,1,3,,2,1,1,2,1,0,1,0,,0,1,0,0,0,
R_pfWxHVtH1czOBBo,C0213,KOOS JR,3,3,1,2,1,3,2,1,1,1,1,1,0,1,0,0,0,1,0,0,0,0,0,1,0,1,0,0,,,,,,,,,,,,,,,,,,,,,,,,
R_J4rWN1RJRcZkj8J,C0215,KOOS JR,2,2,2,2,1,1,3,0,1,2,0,2,1,1,1,0,1,3,1,2,1,1,2,0,,1,0,1,,,,,,,,,,,,,,,,,,,,,,,,
R_k301N7ymAaxUQwM,C0216,KOOS JR,2,2,1,2,1,2,3,1,2,1,3,1,2,2,0,0,0,0,0,0,0,0,1,0,1,0,,0,,,,,,,,,,,,,,,,,,,,,,,,
R_yPhTohzI4vxphTU,C0217,KOOS JR,2,,3,3,2,3,3,1,0,2,1,1,2,,1,1,2,2,1,1,1,2,1,2,3,2,2,2,,,,,,,,,,,,,,,,,,,,,,,,
R_WEuhlWIvSXfsfld,C0229,HOOS JR,,,,,,,,,,,,,,,,,,,,,,,,,,,,,3,3,3,3,3,2,2,0,1,0,2,1,0,0,1,1,0,1,1,0,1,1,0,1
R_HpYgjt2dDtNha9D,C0231,KOOS JR,,,,,,,,1,1,1,1,1,1,2,1,1,1,,1,0,1,0,0,1,1,1,0,1,,,,,,,,,,,,,,,,,,,,,,,,
R_ET20ecVYeCB6ZBU,C0232,HOOS JR,,,,,,,,,,,,,,,,,,,,,,,,,,,,,2,3,1,2,1,,2,2,1,3,1,1,0,1,1,1,2,1,0,1,1,0,0,1
R_kk86S0kehnp91sE,C0238,KOOS JR,1,2,2,1,2,2,1,2,2,1,2,1,2,0,2,0,1,0,1,0,2,0,0,1,,0,,,,,,,,,,,,,,,,,,,,,,,,,,
R_snfneAE2tgXV8v4,C0241,HOOS JR,,,,,,,,,,,,,,,,,,,,,,,,,,,,,2,2,2,2,2,3,1,1,3,1,1,0,2,1,1,1,0,1,1,2,2,0,0,0
R_Ec8L0p8IQsOr5lg,C0242,HOOS JR,,,,,,,,,,,,,,,,,,,,,,,,,,,,,1,2,1,1,0,1,1,2,1,2,1,2,1,2,2,1,1,1,,0,1,0,0,2
R_2OCiKxQVyTHJyjx,C0247,HOOS JR,,,,,,,,,,,,,,,,,,,,,,,,,,,,,3,3,3,2,2,4,1,1,2,2,1,2,0,1,0,2,0,1,,,,,,
R_rrbnRIbVMlUplp8,C0249,KOOS JR,3,3,4,2,3,3,2,1,2,1,2,1,1,1,1,2,0,0,1,1,1,1,0,0,2,1,0,0,,,,,,,,,,,,,,,,,,,,,,,,
R_WtlRIQXN6XX4dj1,C0250,HOOS JR,,,,,,,,,,,,,,,,,,,,,,,,,,,,,2,1,2,2,3,2,1,1,2,1,2,1,2,3,2,1,1,1,0,0,1,0,0,0
R_tMcKjqx0HCUHjhJ,C0254,KOOS JR,2,2,3,2,3,3,3,2,1,1,1,2,3,,0,0,1,1,2,1,2,1,1,1,1,0,1,1,,,,,,,,,,,,,,,,,,,,,,,,
R_9cFduJAE3AEB0cM,C0256,KOOS JR,2,2,2,3,2,2,0,2,2,2,2,2,0,1,0,0,0,0,1,0,0,0,0,0,0,0,0,0,,,,,,,,,,,,,,,,,,,,,,,,
R_8mlAXAIjMdVnu22,C0265,HOOS JR,,,,,,,,,,,,,,,,,,,,,,,,,,,,,2,3,3,1,3,2,1,1,,1,1,1,1,0,2,3,1,1,1,1,2,2,1,1
R_pH2oU3MVYXut5fh,C0268,HOOS JR,,,,,,,,,,,,,,,,,,,,,,,,,,,,,3,2,3,3,2,2,1,1,1,1,0,1,1,1,0,0,1,0,1,0,2,0,1,1
R_zD9FmvYVwvEeTeF,C0275,HOOS JR,,,,,,,,,,,,,,,,,,,,,,,,,,,,,2,2,2,3,3,3,1,1,1,1,2,1,,0,0,0,1,0,1,1,1,1,1,1
R_rRaLgyrg91dMmPj,C0281,KOOS JR,1,3,3,2,2,2,3,,,,,,,,,,,,,,,1,2,1,,2,2,0,,,,,,,,,,,,,,,,,,,,,,,,
R_2KjcUrXDxauLJNK,C0284,HOOS JR,,,,,,,,,,,,,,,,,,,,,,,,,,,,,2,,2,2,,2,1,0,1,1,2,1,0,0,0,1,0,1,,,,,,
R_rod5seri3bYGK6p,C0288,HOOS JR,,,,,,,,,,,,,,,,,,,,,,,,,,,,,3,3,4,3,3,4,2,1,2,2,1,1,3,2,2,2,2,2,0,0,1,,0,0
R_3KKxDxB2RlCKJjo,C0292,HOOS JR,,,,,,,,,,,,,,,,,,,,,,,,,,,,,2,3,4,2,2,3,1,0,1,1,1,1,1,,2,2,2,2,1,1,2,4,2,1
R_zuQVXikkqmKhV0t,C0293,HOOS JR,,,,,,,,,,,,,,,,,,,,,,,,,,,,,2,3,3,2,3,2,2,2,1,1,1,2,1,2,1,1,2,0,2,1,1,1,0,0
R_QWZCsSbJYxj3Z4X,C0297,KOOS JR,2,2,2,1,2,2,2,1,1,0,1,2,1,1,0,2,1,1,0,1,1,,,,,,,,,,,,,,,,,,,,,,,,,,,,,,,
R_MjoHp97O7LRkyCs,C0302,KOOS JR,2,,2,2,3,3,2,2,1,0,2,2,2,3,1,1,0,1,2,1,0,1,0,1,0,0,0,0,,,,,,,,,,,,,,,,,,,,,,,,
R_yTQ0XFiujF81QkU,C0306,KOOS JR,3,3,1,3,,2,3,2,2,2,2,2,2,1,3,2,3,3,2,3,1,1,2,2,3,2,3,3,,,,,,,,,,,,,,,,,,,,,,,,
R_x9bVTDSUMSi8w7Y,C0310,KOOS JR,1,2,2,1,1,2,0,1,2,2,2,2,2,2,2,2,1,1,0,1,0,,,,,,,,,,,,,,,,,,,,,,,,,,,,,,,
R_eqbrpmRV1uquL1X,C0311,KOOS JR,2,2,2,2,2,2,2,1,2,1,1,2,1,1,,,,,,,,1,1,1,0,0,1,1,,,,,,,,,,,,,,,,,,,,,,,,
R_MfUXy5fWyUTefgN,C0312,KOOS JR,2,2,1,3,2,3,3,,,,,,,,1,1,1,1,1,2,0,1,1,2,2,1,1,1,,,,,,,,,,,,,,,,,,,,,,,,
R_Rlk3k00OFFwtKMf,C0316,KOOS JR,1,1,2,2,1,2,1,1,1,1,0,0,,1,0,1,0,0,1,0,1,0,0,0,0,1,0,0,,,,,,,,,,,,,,,,,,,,,,,,
R_v3z29a3nf3RfSK3,C0317,KOOS JR,2,0,1,1,2,1,3,1,1,2,1,1,0,0,2,0,2,0,2,1,1,0,1,0,2,2,2,1,,,,,,,,,,,,,,,,,,,,,,,,
R_giYy19j8UVcg3p7,C0322,HOOS JR,,,,,,,,,,,,,,,,,,,,,,,,,,,,,0,1,1,1,1,1,0,1,1,0,1,1,1,0,0,0,0,0,,,,,,
R_F3ePRVIoFNRJZIl,C0323,KOOS JR,2,,2,1,2,2,2,1,2,2,1,1,1,1,,,,,,,,1,1,0,1,1,0,0,,,,,,,,,,,,,,,,,,,,,,,,
R_AutyOJez0UFusp7,C0324,HOOS JR,,,,,,,,,,,,,,,,,,,,,,,,,,,,,2,2,2,2,2,3,1,1,0,0,1,1,1,1,0,1,1,1,0,0,0,0,1,0
R_fNrMrXgjMjjRvMV,C0328,HOOS JR,,,,,,,,,,,,,,,,,,,,,,,,,,,,,2,3,3,2,2,2,1,1,2,1,2,1,1,1,0,0,1,1,,1,0,1,1,0
R_VKm4w7IMd2NnhlA,C0340,HOOS JR,,,,,,,,,,,,,,,,,,,,,,,,,,,,,2,3,3,2,2,2,2,3,1,3,2,2,1,1,1,1,2,1,0,1,0,1,1,1
R_ipJQ4brBhuivXxQ,C0346,KOOS JR,,,,,,,,3,3,1,2,1,3,3,3,1,2,1,3,1,3,3,2,3,3,2,2,3,,,,,,,,,,,,,,,,,,,,,,,,
R_Ixg6PrWFNgEPWHk,C0348,KOOS JR,,,,,,,,1,1,1,2,1,,2,0,0,1,1,2,0,2,0,0,0,0,0,1,0,,,,,,,,,,,,,,,,,,,,,,,,
R_Pu34z6CogbPrmcu,C0353,HOOS JR,,,,,,,,,,,,,,,,,,,,,,,,,,,,,1,2,1,2,1,1,1,0,2,1,2,2,0,1,1,0,1,0,0,0,0,0,0,1
R_Of0WxUcCmS55QN6,C0357,KOOS JR,1,2,1,1,3,1,2,3,2,2,1,2,1,1,1,0,0,0,1,0,1,0,1,0,,0,0,2,,,,,,,,,,,,,,,,,,,,,,,,
R_94c1VezMzOTnLMg,C0361,KOOS JR,,,,,,,,2,2,2,2,1,,2,1,0,1,1,2,0,2,2,1,1,1,2,1,2,,,,,,,,,,,,,,,,,,,,,,,,
R_qTh7IH5Yd0FhLyM,C0372,KOOS JR,3,2,2,2,0,1,2,1,1,,2,3,2,0,0,2,2,2,1,1,1,,,,,,,,,,,,,,,,,,,,,,,,,,,,,,,
R_UzmIssuZRmKfT9c,C0382,HOOS JR,,,,,,,,,,,,,,,,,,,,,,,,,,,,,1,2,2,3,3,2,2,1,1,2,2,2,1,1,1,0,0,0,1,1,1,0,1,0
R_o5bBy4xCb6T9Xfn,C0383,KOOS JR,2,1,1,2,1,3,1,1,1,0,1,2,1,1,,,,,,,,0,2,2,0,0,0,1,,,,,,,,,,,,,,,,,,,,,,,,
R_Wj96x5WNyPsY7KF,C0386,HOOS JR,,,,,,,,,,,,,,,,,,,,,,,,,,,,,2,2,3,3,3,2,3,1,2,1,2,2,1,0,0,0,0,0,0,1,1,0,0,0
R_VgmISDFtXS1FbMi,C0387,KOOS JR,1,2,2,1,1,1,1,2,2,1,2,1,1,1,0,0,0,0,0,0,0,0,,0,0,0,0,0,,,,,,,,,,,,,,,,,,,,,,,,
R_wyVYElC16kDQh9N,C0388,HOOS JR,,,,,,,,,,,,,,,,,,,,,,,,,,,,,1,1,1,1,1,0,1,1,1,1,0,2,,,,,,,,,,,,
R_38ojAwDoNO8dVXX,C0391,KOOS JR,,2,3,2,2,2,2,2,1,2,1,1,2,1,1,1,1,1,0,2,1,1,1,2,2,,2,0,,,,,,,,,,,,,,,,,,,,,,,,
R_SLfxwxRDXbM9Vt4,C0405,HOOS JR,,,,,,,,,,,,,,,,,,,,,,,,,,,,,2,2,3,3,3,4,,,,,,,1,0,1,1,1,1,1,1,2,1,1,1
R_2UlbkFWt7g8CA73,C0406,HOOS JR,,,,,,,,,,,,,,,,,,,,,,,,,,,,,2,2,2,3,2,,1,2,0,2,2,0,1,1,1,1,1,1,0,0,0,0,0,2
R_6XVACfqm8Bd5xYl,C0409,KOOS JR,1,1,1,2,2,0,1,2,0,0,1,0,0,2,1,0,0,1,1,1,2,,,,,,,,,,,,,,,,,,,,,,,,,,,,,,,
R_B9UhBa2nqAZohxN,C0412,KOOS JR,3,2,3,3,2,3,4,2,3,3,3,3,4,3,1,2,,2,1,2,0,0,0,0,1,0,0,1,,,,,,,,,,,,,,,,,,,,,,,,
R_yWPmP0o3CSVAkbJ,C0416,HOOS JR,,,,,,,,,,,,,,,,,,,,,,,,,,,,,2,3,2,2,3,3,1,3,1,2,1,2,1,2,3,1,2,2,0,0,0,0,1,0
R_vNiWlRnphTiSX2i,C0420,KOOS JR,2,1,1,2,2,1,2,1,2,1,1,2,1,2,1,1,1,,2,1,1,1,1,1,1,1,0,,,,,,,,,,,,,,,,,,,,,,,,,
R_EORfPqK43gV4Niv,C0424,KOOS JR,2,2,2,3,2,1,2,1,1,1,1,1,1,1,3,1,2,2,1,1,1,1,2,1,0,0,0,3,,,,,,,,,,,,,,,,,,,,,,,,
R_b12mzpoV7UyGzyV,C0427,HOOS JR,,,,,,,,,,,,,,,,,,,,,,,,,,,,,4,2,3,2,2,3,0,,1,1,1,1,0,1,3,1,0,1,0,,1,0,1,0
R_C8iRgRNPmowxEKn,C0433,HOOS JR,,,,,,,,,,,,,,,,,,,,,,,,,,,,,2,3,,2,1,3,1,1,1,0,0,2,0,1,0,0,0,1,1,0,0,0,1,2
R_3hUmtqYT4CIo2ZO,C0434,KOOS JR,1,2,2,2,2,1,1,2,2,2,3,1,2,2,2,1,1,1,0,1,0,0,0,0,1,1,1,1,,,,,,,,,,,,,,,,,,,,,,,,
R_ATzD2DsnfYhhDWA,C0435,HOOS JR,,,,,,,,,,,,,,,,,,,,,,,,,,,,,,,,,,,1,2,2,2,3,,,,,,,,,,,,,
R_OOUn6I7dmMIcHTm,C0437,KOOS JR,,2,2,3,3,1,2,,3,3,2,3,2,2,1,2,1,1,2,1,2,2,1,1,1,1,2,,,,,,,,,,,,,,,,,,,,,,,,,
R_Kb81WTd0nEbQUMI,C0440,HOOS JR,,,,,,,,,,,,,,,,,,,,,,,,,,,,,2,3,2,2,1,2,1,0,2,1,2,0,1,0,1,0,0,1,1,0,0,0,1,1
R_ecWT1NXiY8Ste5w,C0443,KOOS JR,2,2,2,3,2,3,2,1,1,1,2,2,1,1,1,1,0,1,1,2,1,1,0,1,1,0,1,0,,,,,,,,,,,,,,,,,,,,,,,,
R_CLfAOX4NmwMpgqJ,C0450,KOOS JR,,1,1,1,1,1,2,1,1,1,1,,,1,1,0,1,1,2,0,0,1,0,0,2,1,1,1,,,,,,,,,,,,,,,,,,,,,,,,
R_MsheJeN6jtJgfZS,C0451,KOOS JR,2,1,0,1,1,1,1,2,1,1,2,1,1,1,1,1,1,1,1,0,0,,,,,,,,,,,,,,,,,,,,,,,,,,,,,,,
R_rhudibR56TvsyEI,C0454,HOOS JR,,,,,,,,,,,,,,,,,,,,,,,,,,,,,3,3,4,3,3,3,2,2,0,0,2,2,1,2,2,2,3,2,0,2,1,3,1,2
R_P47qAjn6WBKJT5b,C0459,KOOS JR,2,2,2,1,2,2,2,0,1,1,3,2,1,,1,1,1,1,1,1,1,0,0,0,0,2,1,0,,,,,,,,,,,,,,,,,,,,,,,,
R_Qdqoibyw39v3YMr,C0460,HOOS JR,,,,,,,,,,,,,,,,,,,,,,,,,,,,,2,,2,2,2,2,1,1,0,0,1,0,1,1,0,0,0,0,,,,,,
R_d3AGmtiwT7FCjeh,C0462,KOOS JR,2,2,3,1,3,1,2,1,1,1,2,2,1,1,2,3,,1,2,3,2,0,1,0,0,0,,0,,,,,,,,,,,,,,,,,,,,,,,,
R_iEfYwpDdCsmg2iG,C0463,KOOS JR,2,2,3,3,3,3,3,1,0,2,1,1,1,0,1,1,,1,,0,0,1,2,2,1,1,1,0,,,,,,,,,,,,,,,,,,,,,,,,
R_30TbCbMubp5V6iZ,C0468,KOOS JR,2,2,2,3,1,1,2,1,1,3,2,0,1,1,0,1,1,1,1,1,2,1,0,2,0,1,0,0,,,,,,,,,,,,,,,,,,,,,,,,
R_7KINKyaNSnOdNtL,C0480,HOOS JR,,,,,,,,,,,,,,,,,,,,,,,,,,,,,1,3,2,2,,3,2,1,2,2,2,2,1,1,1,,0,1,1,0,0,0,0,1
R_MWPMddff63yIw8d,C0486,HOOS JR,,,,,,,,,,,,,,,,,,,,,,,,,,,,,3,4,3,3,3,1,,,,,,,0,1,2,0,1,0,1,0,1,1,2,0
R_KKBAHQwjlHe9Nvg,C0489,HOOS JR,,,,,,,,,,,,,,,,,,,,,,,,,,,,,2,3,2,2,2,3,,,,,,,,,,,,,,,,,,
R_KpXABZ55KBj0XLG,C0492,HOOS JR,,,,,,,,,,,,,,,,,,,,,,,,,,,,,2,2,3,2,2,3,1,1,2,1,0,1,0,0,0,1,1,0,0,1,0,2,0,0
R_KWK4f35Yi7zdg8N,C0499,HOOS JR,,,,,,,,,,,,,,,,,,,,,,,,,,,,,3,3,4,3,3,3,2,,2,1,1,1,0,2,1,1,2,2,3,,2,1,1,2
R_sgprAtAFFsl83hw,C0506,HOOS JR,,,,,,,,,,,,,,,,,,,,,,,,,,,,,3,1,1,3,2,2,1,2,1,1,1,0,0,0,0,1,0,0,1,0,1,1,1,0
R_ERc2RjFnQ7U0sKW,C0509,KOOS JR,3,1,3,2,1,1,2,2,1,2,2,1,1,1,1,1,0,1,0,0,1,0,1,1,0,2,1,1,,,,,,,,,,,,,,,,,,,,,,,,
R_qtjm2naN0FADRoQ,C0511,KOOS JR,2,1,2,2,2,1,2,2,2,0,1,0,1,1,0,1,1,1,1,0,1,0,0,1,0,1,1,0,,,,,,,,,,,,,,,,,,,,,,,,
R_inj68NQ03khInGL,C0513,HOOS JR,,,,,,,,,,,,,,,,,,,,,,,,,,,,,2,3,2,2,2,3,1,1,1,1,1,2,,,,,,,,,,,,
R_iyMrYN6p1kXb79u,C0517,HOOS JR,,,,,,,,,,,,,,,,,,,,,,,,,,,,,2,2,2,2,3,2,2,2,2,1,1,,,,,,,,1,0,0,0,0,1
R_mMH8UVFxfYvBHPN,C0520,KOOS JR,1,1,1,0,1,2,1,0,0,2,2,1,0,1,,,,,,,,,,,,,,,,,,,,,,,,,,,,,,,,,,,,,,
R_WtzsF8dYTtPCud5,C0522,HOOS JR,,,,,,,,,,,,,,,,,,,,,,,,,,,,,3,3,2,2,2,3,2,2,2,2,2,2,2,2,2,2,2,1,2,1,1,2,1,2
R_dz3DMbOyigNm67t,C0529,HOOS JR,,,,,,,,,,,,,,,,,,,,,,,,,,,,,2,2,3,2,3,1,2,0,1,0,1,2,0,0,0,1,1,0,0,0,0,0,,1
R_H3DyeIWrocoie6g,C0532,HOOS JR,,,,,,,,,,,,,,,,,,,,,,,,,,,,,,1,0,1,0,1,1,1,0,0,1,2,0,2,0,0,0,0,0,0,0,0,1,0
R_qz2hl2nnbgn4UcO,C0533,KOOS JR,3,2,2,1,2,1,3,2,2,2,2,1,1,0,0,3,1,3,2,1,2,1,0,,0,2,1,1,,,,,,,,,,,,,,,,,,,,,,,,
R_dgahvJYgvapEXXM,C0537,HOOS JR,,,,,,,,,,,,,,,,,,,,,,,,,,,,,3,1,4,2,2,3,2,,2,2,1,2,,,,,,,1,1,2,1,1,2
R_IU8CNQ7RJIQVt5x,C0547,HOOS JR,,,,,,,,,,,,,,,,,,,,,,,,,,,,,2,2,2,2,1,2,1,1,1,0,1,1,1,0,1,1,1,0,0,1,0,0,0,0
R_ih7oNYt1yLLjFG9,C0554,HOOS JR,,,,,,,,,,,,,,,,,,,,,,,,,,,,,2,1,2,2,2,2,,,,,,,0,2,1,0,1,1,1,0,0,0,0,1
R_WoyL1YLvpwuR8Wd,C0555,KOOS JR,3,1,2,3,2,2,3,1,2,3,2,2,2,1,0,1,,1,0,0,1,1,1,0,0,0,1,1,,,,,,,,,,,,,,,,,,,,,,,,
R_bPjZKgYVf4WsURI,C0573,KOOS JR,2,2,2,2,1,2,1,2,2,2,2,1,1,1,,,,,,,,,,,,,,,,,,,,,,,,,,,,,,,,,,,,,,
R_ae3RyWlx6s9i0df,C0576,KOOS JR,2,3,3,3,3,3,3,1,2,3,1,3,2,2,1,0,1,1,1,1,1,,1,0,0,0,0,1,,,,,,,,,,,,,,,,,,,,,,,,
R_CPnLK4FAcqua6xE,C0579,KOOS JR,2,2,3,1,2,2,2,,,,,,,,1,1,0,1,0,1,1,2,2,0,0,0,1,2,,,,,,,,,,,,,,,,,,,,,,,,
R_d5otjyI5bn5QR8F,C0581,KOOS JR,3,2,1,2,2,2,2,1,2,1,2,2,2,1,1,0,1,1,2,2,0,0,1,0,1,0,0,,,,,,,,,,,,,,,,,,,,,,,,,
R_t6ftNGbsOGddv0x,C0586,HOOS JR,,,,,,,,,,,,,,,,,,,,,,,,,,,,,1,2,2,2,1,2,1,1,1,1,1,2,1,0,0,0,1,1,,,,,,
R_yzcLNMmGkuxGpgL,C0588,HOOS JR,,,,,,,,,,,,,,,,,,,,,,,,,,,,,2,0,2,2,2,2,1,0,2,2,0,1,1,0,0,1,0,0,,,,,,
R_GmNaXA8q9BQYbdw,C0594,HOOS JR,,,,,,,,,,,,,,,,,,,,,,,,,,,,,1,1,2,1,1,2,,1,2,1,1,1,0,1,0,1,0,0,,,,,,
R_mpyOKoBWXECEBY6,C0595,KOOS JR,3,3,2,3,3,3,2,2,2,3,2,3,2,2,,2,1,2,1,2,2,0,2,2,1,2,2,2,,,,,,,,,,,,,,,,,,,,,,,,
R_Tyw6mGweg9ICclb,C0600,KOOS JR,2,1,2,1,2,2,2,,,,,,,,0,1,0,0,1,0,0,0,0,1,0,0,0,0,,,,,,,,,,,,,,,,,,,,,,,,
