knee_id,rater,session,hka_deg,mpta_deg,ldfa_deg,cpak_class
K001,R1,1,171.7,86.8,89.7,I
K001,R1,2,172.1,85.7,90.8,I
K001,R2,1,174.1,86.7,91.2,IV
K001,R2,2,173.4,85.8,90.6,I
K002,R1,1,178.9,83.6,86.2,I
K002,R1,2,175,84.8,87.5,I
K002,R2,1,177.4,84.9,87.5,I
K002,R2,2,177.2,83.9,87.8,I
K003,R1,1,182.2,86,85,II
K003,R1,2,183.4,85.7,84.8,II
K003,R2,1,183.6,85.4,84.9,II
K003,R2,2,185,85.4,83.4,II
K004,R1,1,174.4,86.4,90.2,I
K004,R1,2,175.7,86.9,90.5,IV
K004,R2,1,176,87.8,90.5,IV
K004,R2,2,176.1,86.3,89.9,I
K005,R1,1,180.5,89.9,87.4,VI
K005,R1,2,179.8,90.7,87.7,VI
K005,R2,1,181.1,90.4,86.8,VI
K005,R2,2,181.8,90,87.8,VI
K006,R1,1,177,84.9,86.9,II
K006,R1,2,178.6,84.4,85.4,II
K006,R2,1,178.2,86.2,87.6,II
K006,R2,2,179.2,85,87,II
K007,R1,1,180.8,87.5,87.5,II
K007,R1,2,179.3,86.8,89.1,I
K007,R2,1,181.3,87.7,88.1,II
K007,R2,2,180.6,85.3,87.2,II
K008,R1,1,177.7,88.1,85.2,III
K008,R1,2,179.6,87.6,87.6,II
K008,R2,1,181.6,87.3,86.1,II
K008,R2,2,180.9,86.6,85.8,II
K009,R1,1,182.6,89.4,90.5,V
K009,R1,2,181.2,89.9,89.1,V
K009,R2,1,182.4,88.9,90.9,V
K009,R2,2,182.7,89.6,89.3,V
K010,R1,1,183.7,90.9,86.3,VI
K010,R1,2,184.7,90.4,87.3,VI
K010,R2,1,182.2,90.7,86.3,VI
K010,R2,2,183,88.6,87.7,II
K011,R1,1,169,85.4,94.6,IV
K011,R1,2,170.3,85.9,93.1,IV
K011,R2,1,171.4,84.4,94.2,IV
K011,R2,2,171.1,84.7,94.1,IV
K012,R1,1,183.7,88.9,86.1,III
K012,R1,2,184.1,88.4,85.3,III
K012,R2,1,185.1,87.9,85.5,III
K012,R2,2,182.2,88.3,85.8,III
K013,R1,1,183,88,86.2,II
K013,R1,2,181,89.6,87.1,III
K013,R2,1,184.1,89,87.7,II
K013,R2,2,183.5,88.1,87.3,II
K014,R1,1,172.7,83.4,88.7,I
K014,R1,2,172.1,83.7,89.7,I
K014,R2,1,172,84.2,88.5,I
K014,R2,2,169.9,83.4,88.6,I
K015,R1,1,178.5,90,89.3,V
K015,R1,2,178,88.1,89,V
K015,R2,1,178.9,88.1,89.8,V
K015,R2,2,179.1,87.7,89.2,II
K016,R1,1,182,86.5,84.5,II
K016,R1,2,180.1,86.3,84.7,II
K016,R2,1,182.6,86.4,84.7,II
K016,R2,2,182.4,86.1,84.9,II
K017,R1,1,181.6,88.8,85.5,III
K017,R1,2,181.6,87.9,87,II
K017,R2,1,184.7,87.7,87.5,II
K017,R2,2,181.5,87.7,87,II
K018,R1,1,179.3,88.4,90,V
K018,R1,2,177.7,86.4,88.5,I
K018,R2,1,178.2,86.5,90.5,IV
K018,R2,2,177.5,87.1,89.3,I
K019,R1,1,180.1,86.4,89.9,I
K019,R1,2,177.8,86.5,90.2,I
K019,R2,1,179.4,87.3,89.9,IV
K019,R2,2,176.5,86.9,90.6,IV
K020,R1,1,180.9,87.8,88.9,II
K020,R1,2,180.3,86.9,89.2,I
K020,R2,1,179,88.3,89.6,V
K020,R2,2,182.3,88,89.9,V
K021,R1,1,174.9,89.6,92.2,IV
K021,R1,2,175.3,89.1,92.1,IV
K021,R2,1,176.8,88.7,90.5,V
K021,R2,2,174.9,89,90.6,V
K022,R1,1,177.5,85.6,88.1,I
K022,R1,2,177,85.2,88.9,I
K022,R2,1,175.6,86.1,89.1,I
K022,R2,2,176.3,84.8,88.9,I
K023,R1,1,174.6,80.8,87.9,I
K023,R1,2,174.8,79,86.7,I
K023,R2,1,175.8,80.1,86.8,I
K023,R2,2,175.3,80.5,88.5,I
K024,R1,1,179.5,85.8,85.6,II
K024,R1,2,181.2,86.8,86.9,II
K024,R2,1,181.3,85.7,86.3,II
K024,R2,2,179.4,88.3,85.1,III
K025,R1,1,174.7,82.1,90.3,I
K025,R1,2,175.6,82.5,88.8,I
K025,R2,1,177.2,82.2,88.6,I
K025,R2,2,176.1,81.6,89.6,I
K026,R1,1,178.4,88.1,89.8,V
K026,R1,2,179.4,88.9,90.3,V
K026,R2,1,178.8,88.9,90.6,V
K026,R2,2,178.4,88.4,90.5,IV
K027,R1,1,170.8,82.7,92.4,I
K027,R1,2,170.5,82.1,93.4,I
K027,R2,1,168.5,83.4,91.9,I
K027,R2,2,168.6,83.3,94.1,IV
K028,R1,1,176.6,86.4,89,I
K028,R1,2,177.9,86.8,88.7,II
K028,R2,1,178.7,87.3,88.8,II
K028,R2,2,176.8,87.1,89.2,I
K029,R1,1,184.4,89.9,83.7,III
K029,R1,2,182.9,90.8,83.7,III
K029,R2,1,184.6,89.9,83.5,III
K029,R2,2,185.7,88.4,84.6,III
K030,R1,1,182.2,85.5,85.7,II
K030,R1,2,182.6,86.1,84.9,II
K030,R2,1,181.3,85.1,84.3,II
K030,R2,2,180.4,85.5,84.5,II
K031,R1,1,178.7,89.3,90.2,V
K031,R1,2,179.3,88.3,89.7,V
K031,R2,1,179.1,90.7,89.8,V
K031,R2,2,178.9,89.6,89.7,V
K032,R1,1,178.7,88.9,87.3,II
K032,R1,2,180.4,88.4,87.3,II
K032,R2,1,181,87.8,86.8,II
K032,R2,2,182.3,87.9,86.7,II
K033,R1,1,183.4,86.6,83.6,III
K033,R1,2,182.5,86.9,84.8,III
K033,R2,1,184.6,86.6,83.5,III
K033,R2,2,181.9,87.5,83.6,III
K034,R1,1,178.9,86.9,87.9,II
K034,R1,2,177.6,87.5,88.4,II
K034,R2,1,181.4,86.9,87.3,II
K034,R2,2,180.1,87.3,90.7,IV
K035,R1,1,181.5,90.8,87.4,VI
K035,R1,2,181.9,89.9,86.9,III
K035,R2,1,183.3,90.8,85.7,III
K035,R2,2,181.6,91.1,86.3,VI
K036,R1,1,179.5,86.6,87,II
K036,R1,2,181.5,86.5,87.8,II
K036,R2,1,179.1,87.7,85.9,II
K036,R2,2,179.8,87.6,87.4,II
K037,R1,1,173.9,85.9,89.4,I
K037,R1,2,173.2,85.2,89.7,I
K037,R2,1,172.9,85.6,90,I
K037,R2,2,173.6,85.7,89.9,I
K038,R1,1,182.5,89.7,89.8,V
K038,R1,2,179.7,89.2,88.7,V
K038,R2,1,181.2,91,89.6,V
K038,R2,2,179.6,89.5,89.7,V
K039,R1,1,178.8,87,89.1,I
K039,R1,2,179.9,87.2,88.8,II
K039,R2,1,178.6,85.8,87,II
K039,R2,2,179.6,86.3,88.5,I
K040,R1,1,180.5,88.3,90.6,IV
K040,R1,2,178.5,89.3,90,V
K040,R2,1,180.7,89.3,89.2,V
K040,R2,2,179.9,89.4,90.9,V
K041,R1,1,177.2,85.4,85,II
K041,R1,2,177.9,86,87.4,II
K041,R2,1,179.1,85,87.2,I
K041,R2,2,177.8,84.9,86.6,II
K042,R1,1,173.6,86.4,89.2,I
K042,R1,2,175,85.9,89.5,I
K042,R2,1,177.9,86.9,90.6,IV
K042,R2,2,177.4,85.4,89.4,I
K043,R1,1,177.6,86.4,88.4,II
K043,R1,2,173.5,86,88.4,I
K043,R2,1,177,86.6,88.7,I
K043,R2,2,175.2,85.7,88.3,I
K044,R1,1,182,86.6,86.7,II
K044,R1,2,180,88.5,87.5,II
K044,R2,1,182.3,87.1,86.8,II
K044,R2,2,179,87.9,87.3,II
K045,R1,1,181.2,90.6,89.3,V
K045,R1,2,180.4,90.3,89.7,V
K045,R2,1,180.8,91.6,90.9,V
K045,R2,2,182.2,90.9,89.4,V
K046,R1,1,178.4,88.6,90.5,V
K046,R1,2,178,88.5,89.3,V
K046,R2,1,177,89.2,90.9,V
K046,R2,2,178,88.1,89.7,V
K047,R1,1,175.3,84.2,89,I
K047,R1,2,176.9,84.2,89.1,I
K047,R2,1,177.2,84.3,88,I
K047,R2,2,175,83.3,87.7,I
K048,R1,1,183.2,90.6,89.3,V
K048,R1,2,183.4,92,91,V
K048,R2,1,180.2,91.5,89.5,V
K048,R2,2,182.9,89.7,89.2,V
K049,R1,1,180.3,87.3,86.9,II
K049,R1,2,179,85.8,87.1,II
K049,R2,1,179.9,86.8,87.5,II
K049,R2,2,179.4,86.4,86.3,II
K050,R1,1,177.5,86.7,85.5,II
K050,R1,2,178.2,85.8,86.1,II
K050,R2,1,179.5,84.9,85.1,II
K050,R2,2,177.4,85.9,84.3,II
K051,R1,1,175.8,87,89.6,I
K051,R1,2,175.7,86.6,89.9,I
K051,R2,1,177.8,86.6,90.6,IV
K051,R2,2,174.9,86.8,90.5,IV
K052,R1,1,180,92.1,88.5,VI
K052,R1,2,182.3,92,87.2,VI
K052,R2,1,182.7,92,87.3,VI
K052,R2,2,184.5,92.3,88.2,VI
K053,R1,1,176.4,84.1,85.8,II
K053,R1,2,175.6,84.5,86.9,I
K053,R2,1,177.6,84,86.8,I
K053,R2,2,177.3,84.4,86.8,I
K054,R1,1,181.2,90.6,86.7,VI
K054,R1,2,182.5,90.7,86.5,VI
K054,R2,1,179.7,89.6,87.2,III
K054,R2,2,182.1,89.8,86.6,III
K055,R1,1,182,86.6,86.7,II
K055,R1,2,180.2,87.4,85.1,III
K055,R2,1,180.2,88.9,85.2,III
K055,R2,2,181.2,86.3,85.7,II
K056,R1,1,170.1,86,92.6,IV
K056,R1,2,168.4,86.9,93.3,IV
K056,R2,1,171.2,86,92.5,IV
K056,R2,2,169.6,88.1,92.4,IV
K057,R1,1,181.7,90.6,89.7,V
K057,R1,2,182.2,89.3,91.7,IV
K057,R2,1,181.1,90.4,90,V
K057,R2,2,184,91.3,91,V
K058,R1,1,182.7,91.7,88.1,VI
K058,R1,2,181.8,91.5,89.2,VI
K058,R2,1,184.4,91.5,87.2,VI
K058,R2,2,182.9,91.5,89.1,VI
K059,R1,1,176.1,87.4,92.4,IV
K059,R1,2,173,85.4,92.3,IV
K059,R2,1,173.4,86.5,94.2,IV
K059,R2,2,175.9,87.1,94,IV
K060,R1,1,179.9,85.2,85.2,II
K060,R1,2,178.5,84.1,85.1,II
K060,R2,1,179.9,84.5,86.6,I
K060,R2,2,180.9,83.3,85.8,I
